id,text,expected,jev,gemini,gemma,deberta,gemma_postformatted,gemma_format_recovered
PlayMusic-067,Play music by Joy Nilo.,PlayMusic,PlayMusic,PlayMusic,PlayMusic,PlayMusic,PlayMusic,False
SearchCreativeWork-092,Please get me the Dead Soul saga.,SearchCreativeWork,SearchCreativeWork,SearchCreativeWork,SearchCreativeWork,PlayMusic,SearchCreativeWork,False
RateBook-042,Rate this album 4 out of 6 stars,RateBook,RateBook,RateBook,INVALID,PlayMusic,RateBook,True
SearchScreeningEvent-026,is The Nightmare showing six hours from now at the nearest cinema.,SearchScreeningEvent,SearchScreeningEvent,SearchScreeningEvent,SearchScreeningEvent,SearchScreeningEvent,SearchScreeningEvent,False
BookRestaurant-049,book a table at a Fried chicken restaurant,BookRestaurant,BookRestaurant,BookRestaurant,BookRestaurant,BookRestaurant,BookRestaurant,False
SearchScreeningEvent-070,I want to see Outcast.,SearchScreeningEvent,SearchCreativeWork,SearchScreeningEvent,SearchCreativeWork,PlayMusic,SearchCreativeWork,False
AddToPlaylist-051,Add the album to the hot 50 playlist.,AddToPlaylist,AddToPlaylist,AddToPlaylist,AddToPlaylist,AddToPlaylist,AddToPlaylist,False
AddToPlaylist-044,Add the Matt Murphy tune to the Flow Español playlist.,AddToPlaylist,AddToPlaylist,AddToPlaylist,AddToPlaylist,AddToPlaylist,AddToPlaylist,False
GetWeather-060,"Will there be a blizzard next winter in Visalia, Idaho",GetWeather,GetWeather,GetWeather,GetWeather,GetWeather,GetWeather,False
SearchCreativeWork-058,Can you find me the Free for All show?,SearchCreativeWork,SearchCreativeWork,SearchCreativeWork,SearchCreativeWork,SearchScreeningEvent,SearchCreativeWork,False
AddToPlaylist-012,Add jo stafford music to the workout twerkout playlist,AddToPlaylist,AddToPlaylist,AddToPlaylist,AddToPlaylist,AddToPlaylist,AddToPlaylist,False
SearchCreativeWork-023,"Please search for the TV show, The Best of White Lion.",SearchCreativeWork,SearchCreativeWork,SearchCreativeWork,INVALID,SearchCreativeWork,SearchCreativeWork,True
RateBook-095,Give Wilco: Learning How to Die a rating of four points.,RateBook,RateBook,RateBook,RateBook,RateBook,RateBook,False
RateBook-070,rate The Gift: Imagination and the Erotic Life of Property five stars,RateBook,RateBook,RateBook,RateBook,RateBook,RateBook,False
AddToPlaylist-069,add the current track to my This Is Tchaikovsky playlist,AddToPlaylist,AddToPlaylist,AddToPlaylist,AddToPlaylist,AddToPlaylist,AddToPlaylist,False
PlayMusic-005,Play a symphony from 2013.,PlayMusic,PlayMusic,PlayMusic,PlayMusic,PlayMusic,PlayMusic,False
BookRestaurant-081,Please book me a table at a pizzeria with a parking facility in Ghana.,BookRestaurant,BookRestaurant,BookRestaurant,BookRestaurant,BookRestaurant,BookRestaurant,False
GetWeather-085,What is the forecast for this afternoon for blizzard conditions in Dieterich Chad,GetWeather,GetWeather,GetWeather,INVALID,GetWeather,GetWeather,True
AddToPlaylist-097,Add Roel van Velzen to my party of the century playlist.,AddToPlaylist,AddToPlaylist,AddToPlaylist,AddToPlaylist,AddToPlaylist,AddToPlaylist,False
SearchScreeningEvent-081,Show the Sexy Dance 2times at the  closest movie house,SearchScreeningEvent,SearchScreeningEvent,SearchScreeningEvent,SearchScreeningEvent,SearchScreeningEvent,SearchScreeningEvent,False
BookRestaurant-078,"Book sot for 7 at a restaurant that serves european in Stringtown on Feb. the 28th, 2034",BookRestaurant,BookRestaurant,BookRestaurant,INVALID,BookRestaurant,BookRestaurant,True
RateBook-009,Rate The Sneetches and Other Stories a three,RateBook,RateBook,RateBook,RateBook,RateBook,RateBook,False
BookRestaurant-069,Book a spot for 4 in Oklahoma at South Street Diner,BookRestaurant,BookRestaurant,BookRestaurant,BookRestaurant,BookRestaurant,BookRestaurant,False
GetWeather-084,Weather in two hours  in Uzbekistan,GetWeather,GetWeather,GetWeather,GetWeather,GetWeather,GetWeather,False
RateBook-043,Rate Hate That Cat 1 out of 6 stars.,RateBook,RateBook,RateBook,RateBook,RateBook,RateBook,False
RateBook-028,Rate the book The Atmospheric Railway 5 out of 6,RateBook,RateBook,RateBook,RateBook,RateBook,RateBook,False
BookRestaurant-000,Book a reservation for my babies and I,BookRestaurant,BookRestaurant,BookRestaurant,BookRestaurant,BookRestaurant,BookRestaurant,False
SearchCreativeWork-087,I'm looking for Welcome to the Canteen,SearchCreativeWork,SearchCreativeWork,SearchCreativeWork,SearchCreativeWork,PlayMusic,SearchCreativeWork,False
GetWeather-071,what is the forecast in North Carolina for Edgemoor,GetWeather,GetWeather,GetWeather,GetWeather,GetWeather,GetWeather,False
SearchScreeningEvent-028,Is Patrick Still Lives showing at AMC Theaters,SearchScreeningEvent,SearchScreeningEvent,SearchScreeningEvent,SearchScreeningEvent,SearchScreeningEvent,SearchScreeningEvent,False
AddToPlaylist-092,Add emilie autumn to my Nação Reggae playlist.,AddToPlaylist,AddToPlaylist,AddToPlaylist,AddToPlaylist,AddToPlaylist,AddToPlaylist,False
GetWeather-068,What will the weather be in Hialeah Gardens on October the 24th?,GetWeather,GetWeather,GetWeather,GetWeather,GetWeather,GetWeather,False
RateBook-077,Give 5 of 6 stars to Expressive Processing,RateBook,RateBook,RateBook,RateBook,RateBook,RateBook,False
AddToPlaylist-096,add the song to my We Everywhere playlist,AddToPlaylist,AddToPlaylist,AddToPlaylist,AddToPlaylist,AddToPlaylist,AddToPlaylist,False
PlayMusic-068,play some Gary Lee Conner,PlayMusic,PlayMusic,PlayMusic,INVALID,PlayMusic,PlayMusic,True
SearchScreeningEvent-015,What are the movies showing in the neighbourhood ,SearchScreeningEvent,SearchScreeningEvent,SearchScreeningEvent,INVALID,SearchScreeningEvent,SearchScreeningEvent,True
BookRestaurant-090,I want to book a sundanese gastropub nearby in Texas for 3 people on 5/20/2025.,BookRestaurant,BookRestaurant,BookRestaurant,BookRestaurant,BookRestaurant,BookRestaurant,False
GetWeather-027,I need to know the weather for Jan. the 3rd in Mexico when I go to Port Vue,GetWeather,GetWeather,GetWeather,INVALID,GetWeather,GetWeather,True
PlayMusic-023,I want to listen to something on Youtube,PlayMusic,PlayMusic,PlayMusic,PlayMusic,PlayMusic,PlayMusic,False
GetWeather-089,What's the weather in Fox Chapel?,GetWeather,GetWeather,GetWeather,INVALID,GetWeather,GetWeather,True
SearchScreeningEvent-019,Can I see Ellis Island Revisited in 1 minute,SearchScreeningEvent,SearchScreeningEvent,SearchCreativeWork,SearchScreeningEvent,SearchScreeningEvent,SearchScreeningEvent,False
BookRestaurant-022,I want to eat a delicatessen in thirteen hours that serves eastern european food,BookRestaurant,BookRestaurant,BookRestaurant,BookRestaurant,BookRestaurant,BookRestaurant,False
AddToPlaylist-032,Add sarah slean to my playlist Mellowed Out Gaming,AddToPlaylist,AddToPlaylist,AddToPlaylist,AddToPlaylist,AddToPlaylist,AddToPlaylist,False
RateBook-039,rate the current essay zero out of 6 stars,RateBook,RateBook,RateBook,RateBook,RateBook,RateBook,False
SearchCreativeWork-030,Search for Appalachian Journey,SearchCreativeWork,SearchCreativeWork,SearchCreativeWork,SearchCreativeWork,PlayMusic,SearchCreativeWork,False
PlayMusic-054,"I want to hear Leroi Moore on vimeo , play the song Chance Of A Lifetime.",PlayMusic,PlayMusic,PlayMusic,PlayMusic,PlayMusic,PlayMusic,False
SearchScreeningEvent-090,Find the movie schedule for North American Cinemas in eleven seconds.,SearchScreeningEvent,SearchScreeningEvent,SearchScreeningEvent,SearchScreeningEvent,SearchScreeningEvent,SearchScreeningEvent,False
GetWeather-056,What is the weather going to be like in Benton Colorado in 2 and a half months,GetWeather,GetWeather,GetWeather,GetWeather,GetWeather,GetWeather,False
BookRestaurant-088,I want to book a restaurant for six people in Wagstaff AK.,BookRestaurant,BookRestaurant,BookRestaurant,INVALID,BookRestaurant,BookRestaurant,True
SearchCreativeWork-012,Can you please find me the saga Chump Change?,SearchCreativeWork,SearchCreativeWork,SearchCreativeWork,SearchCreativeWork,SearchCreativeWork,SearchCreativeWork,False
SearchCreativeWork-050,Can you please find me the Harry Hood saga?,SearchCreativeWork,SearchCreativeWork,SearchCreativeWork,SearchCreativeWork,SearchCreativeWork,SearchCreativeWork,False
BookRestaurant-057,"I want to book a top-rated restaurant close by in LA for me, rebecca and loraine on 2/6/2020.",BookRestaurant,BookRestaurant,BookRestaurant,BookRestaurant,BookRestaurant,BookRestaurant,False
AddToPlaylist-024,Put Vandemataram Srinivas's track onto HipHop Hot 50.,AddToPlaylist,AddToPlaylist,AddToPlaylist,AddToPlaylist,PlayMusic,AddToPlaylist,False
BookRestaurant-054,I want to book a restaurant close-by in Inman for five people.,BookRestaurant,BookRestaurant,BookRestaurant,BookRestaurant,BookRestaurant,BookRestaurant,False
BookRestaurant-073,Book a reservation for ten at a restaurant in Ohio,BookRestaurant,BookRestaurant,BookRestaurant,BookRestaurant,BookRestaurant,BookRestaurant,False
GetWeather-013,What will the weather be in North Carolina?,GetWeather,GetWeather,GetWeather,GetWeather,GetWeather,GetWeather,False
BookRestaurant-021,I want to book a joint close by the naomi's hostel for a meal for 8 people.,BookRestaurant,BookRestaurant,BookRestaurant,BookRestaurant,BookRestaurant,BookRestaurant,False
AddToPlaylist-070,Put abe laboriel onto the Escapada playlist.,AddToPlaylist,AddToPlaylist,AddToPlaylist,AddToPlaylist,AddToPlaylist,AddToPlaylist,False
GetWeather-026,What will the weather be in Ohio?,GetWeather,GetWeather,GetWeather,INVALID,GetWeather,GetWeather,True
BookRestaurant-080,Book a table for 12 am. at our step mother's secondary residence within walking distance for one,BookRestaurant,BookRestaurant,BookRestaurant,BookRestaurant,BookRestaurant,BookRestaurant,False
AddToPlaylist-006,Add the album to the Might and Myth Power Metal playlist.,AddToPlaylist,AddToPlaylist,AddToPlaylist,AddToPlaylist,AddToPlaylist,AddToPlaylist,False
RateBook-000,rate this album four out of 6 stars,RateBook,RateBook,RateBook,INVALID,PlayMusic,RateBook,True
AddToPlaylist-038,Can you put this song from Yutaka Ozaki onto my this is miles davis playlist?,AddToPlaylist,AddToPlaylist,AddToPlaylist,AddToPlaylist,AddToPlaylist,AddToPlaylist,False
PlayMusic-073,Play a good ep from the eighties by Peter Murphy.,PlayMusic,PlayMusic,PlayMusic,PlayMusic,PlayMusic,PlayMusic,False
SearchScreeningEvent-064,Find the schedule for Great Mail Robbery.,SearchScreeningEvent,SearchScreeningEvent,SearchScreeningEvent,SearchScreeningEvent,RateBook,SearchScreeningEvent,False
BookRestaurant-009,I want to book a brasserie for 3 people in Netherlands Antilles.,BookRestaurant,BookRestaurant,BookRestaurant,BookRestaurant,BookRestaurant,BookRestaurant,False
SearchScreeningEvent-002,Is Bartok the Magnificent playing at seven AM?,SearchScreeningEvent,SearchScreeningEvent,SearchScreeningEvent,SearchScreeningEvent,PlayMusic,SearchScreeningEvent,False
AddToPlaylist-040,Add The Famous Flower of Serving-Men to my evening acoustic playlist.,AddToPlaylist,AddToPlaylist,AddToPlaylist,AddToPlaylist,AddToPlaylist,AddToPlaylist,False
BookRestaurant-015,book a table in Fiji for zero a.m,BookRestaurant,BookRestaurant,BookRestaurant,BookRestaurant,BookRestaurant,BookRestaurant,False
SearchScreeningEvent-043,Check the timings for Snowbound at the closest movie theatre.,SearchScreeningEvent,SearchScreeningEvent,SearchScreeningEvent,SearchScreeningEvent,SearchScreeningEvent,SearchScreeningEvent,False
SearchScreeningEvent-003,What's the movie schedule,SearchScreeningEvent,SearchScreeningEvent,SearchScreeningEvent,INVALID,SearchScreeningEvent,SearchScreeningEvent,True
BookRestaurant-031,I want to book a restaurant in Niger for seven people.,BookRestaurant,BookRestaurant,BookRestaurant,BookRestaurant,BookRestaurant,BookRestaurant,False
GetWeather-000,What will the weather be faraway from here?,GetWeather,GetWeather,GetWeather,GetWeather,GetWeather,GetWeather,False
BookRestaurant-084,Book a reservation for me and my step brother at AMT Coffee in Lakemoor,BookRestaurant,BookRestaurant,BookRestaurant,BookRestaurant,BookRestaurant,BookRestaurant,False
PlayMusic-017,Play anything Jd Natasha did in the thirties,PlayMusic,PlayMusic,PlayMusic,PlayMusic,PlayMusic,PlayMusic,False
RateBook-004,Give zero stars to Halo: Ghosts of Onyx,RateBook,RateBook,RateBook,RateBook,RateBook,RateBook,False
AddToPlaylist-064,Add the artist to my dishwashing playlist.,AddToPlaylist,AddToPlaylist,AddToPlaylist,AddToPlaylist,AddToPlaylist,AddToPlaylist,False
BookRestaurant-083,Please book me a restaurant,BookRestaurant,BookRestaurant,BookRestaurant,INVALID,BookRestaurant,BookRestaurant,True
RateBook-074,Give this chronicle a 2 rating.,RateBook,RateBook,RateBook,RateBook,RateBook,RateBook,False
AddToPlaylist-018,Add porter wagoner to the The Sleep Machine Waterscapes playlist.,AddToPlaylist,AddToPlaylist,AddToPlaylist,AddToPlaylist,AddToPlaylist,AddToPlaylist,False
SearchCreativeWork-099,Search for the game Difficult Loves,SearchCreativeWork,SearchCreativeWork,SearchCreativeWork,SearchCreativeWork,SearchCreativeWork,SearchCreativeWork,False
BookRestaurant-072,phyllis ward and veronica need a table at a restaurant in 152 days,BookRestaurant,BookRestaurant,BookRestaurant,BookRestaurant,BookRestaurant,BookRestaurant,False
SearchCreativeWork-033,Please help me search the Hell Money saga.,SearchCreativeWork,SearchCreativeWork,SearchCreativeWork,SearchCreativeWork,SearchCreativeWork,SearchCreativeWork,False
BookRestaurant-048,Book a reservation for two at Mickies Dairy Bar in Weedsport,BookRestaurant,BookRestaurant,BookRestaurant,BookRestaurant,BookRestaurant,BookRestaurant,False
AddToPlaylist-007,"To the travelling playlist, please add this David Gahan song.",AddToPlaylist,AddToPlaylist,AddToPlaylist,AddToPlaylist,PlayMusic,AddToPlaylist,False
GetWeather-024,What's the weather going to be in Knobel?,GetWeather,GetWeather,GetWeather,GetWeather,GetWeather,GetWeather,False
RateBook-098,Give four stars to The Broken Window,RateBook,RateBook,RateBook,INVALID,RateBook,RateBook,True
RateBook-069,Rate this saga two out of 6.,RateBook,RateBook,RateBook,RateBook,RateBook,RateBook,False
GetWeather-080,Tell me the forecast for 6 am in Tatra-Nationalpark,GetWeather,GetWeather,GetWeather,GetWeather,GetWeather,GetWeather,False
BookRestaurant-086,table for 5 A.m. at Baker's Keyboard Lounge,BookRestaurant,BookRestaurant,BookRestaurant,INVALID,BookRestaurant,BookRestaurant,True
AddToPlaylist-014,Add the song virales de siempre by the cary brothers to my gym playlist.,AddToPlaylist,AddToPlaylist,AddToPlaylist,AddToPlaylist,AddToPlaylist,AddToPlaylist,False
BookRestaurant-066,I would like to book a restaurant for souvlaki cuisine in the state of NE,BookRestaurant,BookRestaurant,BookRestaurant,BookRestaurant,BookRestaurant,BookRestaurant,False
BookRestaurant-033,Book me a reservation for a pub in Cormorant for a party of nine,BookRestaurant,BookRestaurant,BookRestaurant,BookRestaurant,BookRestaurant,BookRestaurant,False
SearchScreeningEvent-065,Give me the movies in the neighborhood ,SearchScreeningEvent,SearchScreeningEvent,SearchScreeningEvent,INVALID,SearchScreeningEvent,SearchScreeningEvent,True
SearchScreeningEvent-057,Is The Unnaturals showing at 13.,SearchScreeningEvent,SearchScreeningEvent,SearchScreeningEvent,SearchScreeningEvent,PlayMusic,SearchScreeningEvent,False
BookRestaurant-063,I want a table at James D. Conrey House in Urbank California,BookRestaurant,BookRestaurant,BookRestaurant,BookRestaurant,BookRestaurant,BookRestaurant,False
PlayMusic-033,I want to listen to an ep from 1998.,PlayMusic,PlayMusic,PlayMusic,PlayMusic,PlayMusic,PlayMusic,False
SearchCreativeWork-071,Look for the show V-The New Mythology Suite,SearchCreativeWork,SearchCreativeWork,SearchCreativeWork,SearchCreativeWork,BookRestaurant,SearchCreativeWork,False
SearchScreeningEvent-018,i want to see I Dream of Jeanie in a movie theatre,SearchScreeningEvent,SearchScreeningEvent,SearchScreeningEvent,SearchScreeningEvent,SearchScreeningEvent,SearchScreeningEvent,False
PlayMusic-008,I want to play music from iheart,PlayMusic,PlayMusic,PlayMusic,PlayMusic,PlayMusic,PlayMusic,False
SearchScreeningEvent-088,What are the movie times,SearchScreeningEvent,SearchScreeningEvent,SearchScreeningEvent,INVALID,SearchScreeningEvent,SearchScreeningEvent,True
RateBook-087,rate The Adventures of Augie March one points,RateBook,RateBook,RateBook,RateBook,RateBook,RateBook,False
PlayMusic-069,Play music by Brian Chase.,PlayMusic,PlayMusic,PlayMusic,PlayMusic,PlayMusic,PlayMusic,False
SearchScreeningEvent-023,Is What a Wonderful Place showing at Cinemark Theatres,SearchScreeningEvent,SearchScreeningEvent,SearchScreeningEvent,SearchScreeningEvent,SearchScreeningEvent,SearchScreeningEvent,False
RateBook-080,I would rate Theft: A Love Story four out of 6 stars.,RateBook,RateBook,RateBook,RateBook,RateBook,RateBook,False
GetWeather-051,what is the forecast for hotter weather at Southford Falls State Park,GetWeather,GetWeather,GetWeather,GetWeather,GetWeather,GetWeather,False
SearchCreativeWork-046,Search for The Sound of One Hand Clapping,SearchCreativeWork,SearchCreativeWork,SearchCreativeWork,SearchCreativeWork,PlayMusic,SearchCreativeWork,False
RateBook-045,Rate current novel one stars.,RateBook,RateBook,RateBook,RateBook,RateBook,RateBook,False
SearchScreeningEvent-085,Find the movie schedule in the area.,SearchScreeningEvent,SearchScreeningEvent,SearchScreeningEvent,SearchScreeningEvent,SearchScreeningEvent,SearchScreeningEvent,False
SearchScreeningEvent-039,Find animated movies close by,SearchScreeningEvent,SearchScreeningEvent,SearchScreeningEvent,SearchScreeningEvent,SearchCreativeWork,SearchScreeningEvent,False
AddToPlaylist-025,Add millie corretjer to the rhythm playlist,AddToPlaylist,AddToPlaylist,AddToPlaylist,INVALID,AddToPlaylist,AddToPlaylist,True
SearchCreativeWork-031,Look for the television show Meet the Prince,SearchCreativeWork,SearchCreativeWork,SearchCreativeWork,SearchCreativeWork,SearchCreativeWork,SearchCreativeWork,False
PlayMusic-027,Play All Things Must Pass.,PlayMusic,PlayMusic,PlayMusic,PlayMusic,PlayMusic,PlayMusic,False
RateBook-046,Give five out of 6 points to this album,RateBook,RateBook,RateBook,INVALID,PlayMusic,RateBook,True
BookRestaurant-043,I need a table for 4 in Saint Helena at Settha Palace Hotel,BookRestaurant,BookRestaurant,BookRestaurant,INVALID,BookRestaurant,BookRestaurant,True
RateBook-033,rate the current novel a 2,RateBook,RateBook,RateBook,INVALID,RateBook,RateBook,True
GetWeather-018,Let me know the weather forecast around ten Pm faraway from here in Park Narodowy Brimstone Hill Fortress.,GetWeather,GetWeather,GetWeather,GetWeather,GetWeather,GetWeather,False
RateBook-055,Give one of 6 points to Who Will Cry When You Die,RateBook,RateBook,RateBook,RateBook,RateBook,RateBook,False
PlayMusic-043,Open deezer and play Curtain Call: The Hits by Junichi Okada.,PlayMusic,PlayMusic,PlayMusic,PlayMusic,PlayMusic,PlayMusic,False
BookRestaurant-052,Book me a table for 5 this year at Cherwell Boathouse,BookRestaurant,BookRestaurant,BookRestaurant,BookRestaurant,BookRestaurant,BookRestaurant,False
PlayMusic-030,Play a song by Rahsaan Patterson.,PlayMusic,PlayMusic,PlayMusic,PlayMusic,PlayMusic,PlayMusic,False
SearchCreativeWork-035,Can you find me the work titled Music for Millions?,SearchCreativeWork,SearchCreativeWork,SearchCreativeWork,SearchCreativeWork,SearchCreativeWork,SearchCreativeWork,False
RateBook-008,Give two stars out of 6 to 36 Children,RateBook,RateBook,RateBook,RateBook,RateBook,RateBook,False
SearchCreativeWork-068,"Can you search the book, Paris - When It Sizzles?",SearchCreativeWork,SearchCreativeWork,SearchCreativeWork,SearchCreativeWork,SearchCreativeWork,SearchCreativeWork,False
AddToPlaylist-095,add we have a theme song to my House Afterwork playlist,AddToPlaylist,AddToPlaylist,AddToPlaylist,AddToPlaylist,AddToPlaylist,AddToPlaylist,False
SearchCreativeWork-053,Please search for Mary.,SearchCreativeWork,SearchCreativeWork,SearchCreativeWork,SearchCreativeWork,PlayMusic,SearchCreativeWork,False
PlayMusic-032,Play some anneliese van der pol from the thirties on Groove Shark,PlayMusic,PlayMusic,PlayMusic,PlayMusic,PlayMusic,PlayMusic,False
SearchScreeningEvent-048,What movies are showing now at the closest cinema?,SearchScreeningEvent,SearchScreeningEvent,SearchScreeningEvent,SearchScreeningEvent,SearchScreeningEvent,SearchScreeningEvent,False
RateBook-007,Give 4 out of 6 points to The Spirit Ring chronicle,RateBook,RateBook,RateBook,RateBook,RateBook,RateBook,False
GetWeather-082,what is the forecast for Turtle Islands National Park,GetWeather,GetWeather,GetWeather,GetWeather,GetWeather,GetWeather,False
GetWeather-007,What will the weather be in 1 day in Kuwait?,GetWeather,GetWeather,GetWeather,GetWeather,GetWeather,GetWeather,False
AddToPlaylist-047,I'd like to add jordan rudess onto the Divertido para niños playlist.,AddToPlaylist,AddToPlaylist,AddToPlaylist,AddToPlaylist,AddToPlaylist,AddToPlaylist,False
GetWeather-001,Will there be fog in Tahquamenon Falls State Park?,GetWeather,GetWeather,GetWeather,GetWeather,GetWeather,GetWeather,False
AddToPlaylist-009,I'd like for Kasey Chambers's tune to be an addition to my Chips and Salsa playlist.,AddToPlaylist,AddToPlaylist,AddToPlaylist,AddToPlaylist,AddToPlaylist,AddToPlaylist,False
AddToPlaylist-067,Add a derek watkins tune to This Is Johnny Cash,AddToPlaylist,AddToPlaylist,AddToPlaylist,AddToPlaylist,AddToPlaylist,AddToPlaylist,False
GetWeather-059,what's the forecast for sep. 26 in Emerado Saint Pierre and Miquelon,GetWeather,GetWeather,GetWeather,GetWeather,GetWeather,GetWeather,False
GetWeather-031,Will it be colder in Virgin Islands National Park?,GetWeather,GetWeather,GetWeather,GetWeather,GetWeather,GetWeather,False
SearchScreeningEvent-098,Show the times for Cheers for Miss Bishop at Dipson Theatres.,SearchScreeningEvent,SearchScreeningEvent,SearchScreeningEvent,SearchScreeningEvent,SearchScreeningEvent,SearchScreeningEvent,False
AddToPlaylist-094,add a song in my All Out 60s,AddToPlaylist,AddToPlaylist,AddToPlaylist,AddToPlaylist,PlayMusic,AddToPlaylist,False
BookRestaurant-070,Book a reservation for my mommy and I at a restaurant in Central African Republic,BookRestaurant,BookRestaurant,BookRestaurant,BookRestaurant,BookRestaurant,BookRestaurant,False
PlayMusic-039,play chant by Nigger Kojak on Itunes,PlayMusic,PlayMusic,PlayMusic,PlayMusic,PlayMusic,PlayMusic,False
GetWeather-076,How's the weather at Petit Manan National Wildlife Refuge and nearby right now,GetWeather,GetWeather,GetWeather,GetWeather,GetWeather,GetWeather,False
BookRestaurant-082,book spot for four at a indoor pub within the same area of Louisiana in one minute ,BookRestaurant,BookRestaurant,BookRestaurant,BookRestaurant,BookRestaurant,BookRestaurant,False
AddToPlaylist-002,add digging now to my Young at Heart playlist,AddToPlaylist,AddToPlaylist,AddToPlaylist,AddToPlaylist,AddToPlaylist,AddToPlaylist,False
SearchScreeningEvent-074,show me the movie schedule in the neighbourhood ,SearchScreeningEvent,SearchScreeningEvent,SearchScreeningEvent,SearchScreeningEvent,SearchScreeningEvent,SearchScreeningEvent,False
SearchScreeningEvent-083,movie schedules close by for animated movies,SearchScreeningEvent,SearchScreeningEvent,SearchScreeningEvent,SearchScreeningEvent,SearchScreeningEvent,SearchScreeningEvent,False
SearchCreativeWork-006,"Can you find me the work, The Curse of Oak Island?",SearchCreativeWork,SearchCreativeWork,SearchCreativeWork,SearchCreativeWork,SearchCreativeWork,SearchCreativeWork,False
GetWeather-039,What is the weather forecast nearby Nicodemus,GetWeather,GetWeather,GetWeather,GetWeather,GetWeather,GetWeather,False
AddToPlaylist-031,Add the album to the The Sweet Suite playlist.,AddToPlaylist,AddToPlaylist,AddToPlaylist,AddToPlaylist,AddToPlaylist,AddToPlaylist,False
BookRestaurant-076,I want to book a restaurant for ten people.,BookRestaurant,BookRestaurant,BookRestaurant,BookRestaurant,BookRestaurant,BookRestaurant,False
PlayMusic-022,Play an album from Nithyasree Mahadevan.,PlayMusic,PlayMusic,PlayMusic,PlayMusic,PlayMusic,PlayMusic,False
RateBook-094,Rate this saga two out of 6.,RateBook,RateBook,RateBook,RateBook,RateBook,RateBook,False
RateBook-001,Give this textbook four stars.,RateBook,RateBook,RateBook,RateBook,RateBook,RateBook,False
AddToPlaylist-059,put the artist onto Top Latin Alternative.,AddToPlaylist,AddToPlaylist,AddToPlaylist,AddToPlaylist,AddToPlaylist,AddToPlaylist,False
SearchScreeningEvent-040,Is American Primitive showing in Santikos Theatres,SearchScreeningEvent,SearchScreeningEvent,SearchScreeningEvent,SearchScreeningEvent,SearchScreeningEvent,SearchScreeningEvent,False
RateBook-021,rate this textbook four out of 6,RateBook,RateBook,RateBook,RateBook,RateBook,RateBook,False
AddToPlaylist-023,Can you add Larry Heard to my laundry playlist?,AddToPlaylist,AddToPlaylist,AddToPlaylist,AddToPlaylist,AddToPlaylist,AddToPlaylist,False
SearchCreativeWork-065,Find the movie Splendor in the Grass,SearchCreativeWork,SearchCreativeWork,SearchCreativeWork,SearchCreativeWork,SearchCreativeWork,SearchCreativeWork,False
SearchScreeningEvent-034,I want a movie schedule.,SearchScreeningEvent,SearchScreeningEvent,SearchScreeningEvent,SearchScreeningEvent,SearchScreeningEvent,SearchScreeningEvent,False
RateBook-059,rate this novel 3 out of 6 points,RateBook,RateBook,RateBook,RateBook,RateBook,RateBook,False
AddToPlaylist-098,Add the artist to the political punks playlist.,AddToPlaylist,AddToPlaylist,AddToPlaylist,AddToPlaylist,AddToPlaylist,AddToPlaylist,False
GetWeather-073,Need weather for Parc national Tolhuaca to see if it will be fog today,GetWeather,GetWeather,GetWeather,GetWeather,GetWeather,GetWeather,False
SearchCreativeWork-084,Please find me the video game titled 20 Hours in America.,SearchCreativeWork,SearchCreativeWork,SearchCreativeWork,INVALID,SearchCreativeWork,SearchCreativeWork,True
PlayMusic-011,play a john maher track,PlayMusic,PlayMusic,PlayMusic,PlayMusic,PlayMusic,PlayMusic,False
RateBook-068,Give Wilco: Learning How to Die a rating of four points.,RateBook,RateBook,RateBook,RateBook,RateBook,RateBook,False
GetWeather-004,What will the weather be in Monument of Lihula on december the 5th?,GetWeather,GetWeather,GetWeather,GetWeather,GetWeather,GetWeather,False
GetWeather-025,"What will the weather be in Dane on sep. the fifth, 2030?",GetWeather,GetWeather,GetWeather,GetWeather,GetWeather,GetWeather,False
AddToPlaylist-033,Add this album to the Spanish Beat playlist,AddToPlaylist,AddToPlaylist,AddToPlaylist,INVALID,AddToPlaylist,AddToPlaylist,True
AddToPlaylist-078,Add jack white to my playlist This Is Shakira,AddToPlaylist,AddToPlaylist,AddToPlaylist,AddToPlaylist,AddToPlaylist,AddToPlaylist,False
AddToPlaylist-082,add this artist to my Electronic Bliss playlist,AddToPlaylist,AddToPlaylist,AddToPlaylist,AddToPlaylist,AddToPlaylist,AddToPlaylist,False
SearchScreeningEvent-010,I need to find the movie theatre showing The Crooked Web closest to me,SearchScreeningEvent,SearchScreeningEvent,SearchScreeningEvent,SearchScreeningEvent,SearchScreeningEvent,SearchScreeningEvent,False
GetWeather-098,Where is Belgium located,GetWeather,SearchCreativeWork,SearchCreativeWork,INVALID,RateBook,SearchCreativeWork,True
SearchCreativeWork-098,"Please find me the work, Serious Awesomeness!.",SearchCreativeWork,SearchCreativeWork,SearchCreativeWork,SearchCreativeWork,SearchScreeningEvent,SearchCreativeWork,False
BookRestaurant-005,I need a table in Sacaton at a gluten free restaurant,BookRestaurant,BookRestaurant,BookRestaurant,BookRestaurant,BookRestaurant,BookRestaurant,False
BookRestaurant-019,I need a table for 4; please confirm the reservation.,BookRestaurant,BookRestaurant,BookRestaurant,BookRestaurant,BookRestaurant,BookRestaurant,False
SearchScreeningEvent-020,I want animated movies at MJR Theatres,SearchScreeningEvent,SearchScreeningEvent,SearchScreeningEvent,SearchScreeningEvent,SearchScreeningEvent,SearchScreeningEvent,False
BookRestaurant-077,Lets eat near Oakfield 17 seconds from now at Ted Peters Famous Smoked Fish,BookRestaurant,BookRestaurant,BookRestaurant,BookRestaurant,BookRestaurant,BookRestaurant,False
SearchCreativeWork-027,Can you search the Daring Youth saga?,SearchCreativeWork,SearchCreativeWork,SearchCreativeWork,INVALID,SearchCreativeWork,SearchCreativeWork,True
SearchCreativeWork-038,get me the trailer of Good Morning Sunshine,SearchCreativeWork,SearchCreativeWork,SearchCreativeWork,SearchCreativeWork,SearchCreativeWork,SearchCreativeWork,False
SearchScreeningEvent-044,What are the movie times at Caribbean Cinemas,SearchScreeningEvent,SearchScreeningEvent,SearchScreeningEvent,SearchScreeningEvent,SearchScreeningEvent,SearchScreeningEvent,False
PlayMusic-077,Play something by Duke Ellington from the seventies,PlayMusic,PlayMusic,PlayMusic,PlayMusic,PlayMusic,PlayMusic,False
GetWeather-063,what is the forecast for colder temps beginning on Law Day here,GetWeather,GetWeather,GetWeather,GetWeather,GetWeather,GetWeather,False
RateBook-058,Rate The 8-Week Cholesterol Cure three out of 6.,RateBook,RateBook,RateBook,RateBook,RateBook,RateBook,False
GetWeather-028,what is the forecast for Ōtone Prefectural Natural Park in 1 hour and within the same area,GetWeather,GetWeather,GetWeather,GetWeather,GetWeather,GetWeather,False
BookRestaurant-006,book sot for me and my grandfather nearby West Reading,BookRestaurant,BookRestaurant,BookRestaurant,BookRestaurant,RateBook,BookRestaurant,False
GetWeather-097,Will it be hot in the Netherlands on February 16th?,GetWeather,GetWeather,GetWeather,GetWeather,GetWeather,GetWeather,False
SearchCreativeWork-062,Can you get me the Message from God saga?,SearchCreativeWork,SearchCreativeWork,SearchCreativeWork,SearchCreativeWork,SearchCreativeWork,SearchCreativeWork,False
PlayMusic-012,Please play something from Dihan Slabbert that's on the top fifty,PlayMusic,PlayMusic,PlayMusic,PlayMusic,PlayMusic,PlayMusic,False
AddToPlaylist-030,add ireland in the junior eurovision song contest 2015 to my Jazzy Dinner playlist,AddToPlaylist,AddToPlaylist,AddToPlaylist,INVALID,AddToPlaylist,AddToPlaylist,True
PlayMusic-070,Can you play top Zvooq by Fink?,PlayMusic,PlayMusic,PlayMusic,PlayMusic,PlayMusic,PlayMusic,False
AddToPlaylist-086,Add this tune to dorthy's 80's party playlist,AddToPlaylist,AddToPlaylist,AddToPlaylist,AddToPlaylist,AddToPlaylist,AddToPlaylist,False
SearchScreeningEvent-093,what are the times for The Gingerbread Man,SearchScreeningEvent,SearchScreeningEvent,SearchScreeningEvent,INVALID,BookRestaurant,SearchScreeningEvent,True
AddToPlaylist-060,Add Michael Wittig music to Country Icon playlist,AddToPlaylist,AddToPlaylist,AddToPlaylist,AddToPlaylist,AddToPlaylist,AddToPlaylist,False
SearchScreeningEvent-014,What are the movie schedules for my favorite theaters ,SearchScreeningEvent,SearchScreeningEvent,SearchScreeningEvent,SearchScreeningEvent,SearchScreeningEvent,SearchScreeningEvent,False
GetWeather-019,Will it be stormy in the Ouachita National Forest?,GetWeather,GetWeather,GetWeather,GetWeather,GetWeather,GetWeather,False
PlayMusic-015,Play seventies music please.,PlayMusic,PlayMusic,PlayMusic,PlayMusic,PlayMusic,PlayMusic,False
AddToPlaylist-043,Add the album to my Perfect Concentration playlist.,AddToPlaylist,AddToPlaylist,AddToPlaylist,AddToPlaylist,AddToPlaylist,AddToPlaylist,False
RateBook-090,Give this novel a 1.,RateBook,RateBook,RateBook,RateBook,RateBook,RateBook,False
BookRestaurant-051,"Can you book me a table at Windows on the World in Cokeville , MI?",BookRestaurant,BookRestaurant,BookRestaurant,BookRestaurant,BookRestaurant,BookRestaurant,False
PlayMusic-014,Play something from 2004 by Imogen Heap on spotify,PlayMusic,PlayMusic,PlayMusic,PlayMusic,PlayMusic,PlayMusic,False
BookRestaurant-030,table for Breadline Cafe in Minnesota next friday,BookRestaurant,BookRestaurant,BookRestaurant,BookRestaurant,BookRestaurant,BookRestaurant,False
BookRestaurant-039,I want to book a restaurant for my father in law and I in Buckner a year from now.,BookRestaurant,BookRestaurant,BookRestaurant,INVALID,BookRestaurant,BookRestaurant,True
PlayMusic-078,Use the last fm service to play A Mis Niños de 30,PlayMusic,PlayMusic,PlayMusic,PlayMusic,PlayMusic,PlayMusic,False
PlayMusic-094,Let me hear Chris Knight music,PlayMusic,PlayMusic,PlayMusic,PlayMusic,PlayMusic,PlayMusic,False
PlayMusic-051,Play music from E-type.,PlayMusic,PlayMusic,PlayMusic,PlayMusic,PlayMusic,PlayMusic,False
PlayMusic-058,Play sound track music from the twenties,PlayMusic,PlayMusic,PlayMusic,INVALID,PlayMusic,PlayMusic,True
PlayMusic-046,Play This Is: Miles Davis on Lastfm.,PlayMusic,PlayMusic,PlayMusic,PlayMusic,PlayMusic,PlayMusic,False
BookRestaurant-035,I want to book a jewish restaurant in Gambia.,BookRestaurant,BookRestaurant,BookRestaurant,BookRestaurant,BookRestaurant,BookRestaurant,False
RateBook-097,rate the Three Junes one out of 6,RateBook,RateBook,RateBook,INVALID,RateBook,RateBook,True
PlayMusic-080,Play an ep from Mike Harding.,PlayMusic,PlayMusic,PlayMusic,PlayMusic,PlayMusic,PlayMusic,False
SearchCreativeWork-028,look for the book The Girl Who Was Plugged In ,SearchCreativeWork,SearchCreativeWork,SearchCreativeWork,SearchCreativeWork,SearchCreativeWork,SearchCreativeWork,False
SearchCreativeWork-063,Find me the soundtrack A Honeymoon Adventure,SearchCreativeWork,SearchCreativeWork,SearchCreativeWork,SearchCreativeWork,PlayMusic,SearchCreativeWork,False
AddToPlaylist-026,Add give us rest to my 70s Smash Hits playlist.,AddToPlaylist,AddToPlaylist,AddToPlaylist,AddToPlaylist,PlayMusic,AddToPlaylist,False
SearchScreeningEvent-066,What movies are playing close by,SearchScreeningEvent,SearchScreeningEvent,SearchScreeningEvent,INVALID,SearchScreeningEvent,SearchScreeningEvent,True
RateBook-082,Give 0 rating to In the Heart of the Country,RateBook,RateBook,RateBook,RateBook,RateBook,RateBook,False
RateBook-084,give the current chronicle five of 6 points,RateBook,SearchCreativeWork,RateBook,RateBook,RateBook,RateBook,False
BookRestaurant-065,I want to book a table in a restaurant in Bouvet Island.,BookRestaurant,BookRestaurant,BookRestaurant,BookRestaurant,BookRestaurant,BookRestaurant,False
BookRestaurant-032,Book spot for 9,BookRestaurant,BookRestaurant,BookRestaurant,BookRestaurant,BookRestaurant,BookRestaurant,False
AddToPlaylist-005,I need to add baro ferret to the Urban Hits under my name,AddToPlaylist,AddToPlaylist,AddToPlaylist,AddToPlaylist,AddToPlaylist,AddToPlaylist,False
SearchScreeningEvent-049,Is Rumor Has It playing,SearchScreeningEvent,PlayMusic,SearchScreeningEvent,INVALID,PlayMusic,PlayMusic,True
GetWeather-040,What will the weather be in nov. in Brookneal?,GetWeather,GetWeather,GetWeather,GetWeather,GetWeather,GetWeather,False
PlayMusic-082,Please play a 1997 record.,PlayMusic,PlayMusic,PlayMusic,PlayMusic,PlayMusic,PlayMusic,False
RateBook-035,Rate this current novel two out of 6.,RateBook,RateBook,RateBook,RateBook,RateBook,RateBook,False
AddToPlaylist-001,Add the album to my Flow Español playlist.,AddToPlaylist,AddToPlaylist,AddToPlaylist,AddToPlaylist,AddToPlaylist,AddToPlaylist,False
GetWeather-064,"What's the weather like in Tyonek, New Jersey",GetWeather,GetWeather,GetWeather,GetWeather,GetWeather,GetWeather,False
RateBook-006,Give the current series four of 6 points.,RateBook,SearchCreativeWork,RateBook,RateBook,RateBook,RateBook,False
SearchScreeningEvent-097,What's the movie schedule at Great Escape Theatres,SearchScreeningEvent,SearchScreeningEvent,SearchScreeningEvent,SearchScreeningEvent,SearchScreeningEvent,SearchScreeningEvent,False
BookRestaurant-042,"book spot for four at Cliff House, San Francisco in Martinique",BookRestaurant,BookRestaurant,BookRestaurant,BookRestaurant,BookRestaurant,BookRestaurant,False
GetWeather-057,What's the weather forecast for Bothe-Napa Valley State Park close by february 20?,GetWeather,GetWeather,GetWeather,GetWeather,GetWeather,GetWeather,False
BookRestaurant-094,I want to eat in Ramona,BookRestaurant,BookRestaurant,BookRestaurant,BookRestaurant,BookRestaurant,BookRestaurant,False
RateBook-025,Gods and Pawns should get a three,RateBook,RateBook,RateBook,RateBook,RateBook,RateBook,False
GetWeather-090,What is the rain forecast for one hour from now in South Korea,GetWeather,GetWeather,GetWeather,GetWeather,GetWeather,GetWeather,False
RateBook-049,rate The Sea of Trolls 1 stars out of 6,RateBook,RateBook,RateBook,INVALID,RateBook,RateBook,True
AddToPlaylist-056,Add Ted Heath to the road trip playlist.,AddToPlaylist,AddToPlaylist,AddToPlaylist,AddToPlaylist,AddToPlaylist,AddToPlaylist,False
AddToPlaylist-065,Add this artist to fairy tales playlist,AddToPlaylist,AddToPlaylist,AddToPlaylist,AddToPlaylist,AddToPlaylist,AddToPlaylist,False
AddToPlaylist-077,add this tune to my Sleepify playlist,AddToPlaylist,AddToPlaylist,AddToPlaylist,INVALID,AddToPlaylist,AddToPlaylist,True
SearchCreativeWork-015,"Please look up the work, Bachelor Pad.",SearchCreativeWork,SearchCreativeWork,SearchCreativeWork,SearchCreativeWork,SearchCreativeWork,SearchCreativeWork,False
BookRestaurant-062,I want to book a steakhouse in Vimy Ridge.,BookRestaurant,BookRestaurant,BookRestaurant,BookRestaurant,BookRestaurant,BookRestaurant,False
AddToPlaylist-016,add Beyond the Valley of 1984 in playlist Folk Music At The Gaslight Café,AddToPlaylist,AddToPlaylist,AddToPlaylist,AddToPlaylist,AddToPlaylist,AddToPlaylist,False
SearchCreativeWork-032,Can you find me Cracks the Safe?,SearchCreativeWork,SearchCreativeWork,SearchCreativeWork,INVALID,SearchCreativeWork,SearchCreativeWork,True
SearchCreativeWork-093,Please search the Live from Leeds album.,SearchCreativeWork,SearchCreativeWork,SearchCreativeWork,INVALID,PlayMusic,SearchCreativeWork,True
RateBook-018,Give the current book 4 stars,RateBook,RateBook,RateBook,RateBook,RateBook,RateBook,False
BookRestaurant-047,I want to book Tupelo Honey Cafe in New Jersey for five people.,BookRestaurant,BookRestaurant,BookRestaurant,BookRestaurant,BookRestaurant,BookRestaurant,False
PlayMusic-002,Play the newest melody on Last Fm by Eddie Vinson.,PlayMusic,PlayMusic,PlayMusic,INVALID,PlayMusic,PlayMusic,True
RateBook-071,rate Neverwhere four out of 6,RateBook,RateBook,RateBook,RateBook,RateBook,RateBook,False
SearchCreativeWork-024,Please find me Phineas Redux.,SearchCreativeWork,SearchCreativeWork,SearchCreativeWork,INVALID,PlayMusic,SearchCreativeWork,True
SearchScreeningEvent-059,Find the movie schedules for Regal Entertainment Group.,SearchScreeningEvent,SearchScreeningEvent,SearchScreeningEvent,SearchScreeningEvent,SearchScreeningEvent,SearchScreeningEvent,False
PlayMusic-075,Play the top music from The Railway Children off Last Fm.,PlayMusic,PlayMusic,PlayMusic,INVALID,PlayMusic,PlayMusic,True
RateBook-062,Rate this textbook a one.,RateBook,RateBook,RateBook,RateBook,RateBook,RateBook,False
GetWeather-058,what is the forecast for beginning on nov. 17 for Franklinville,GetWeather,GetWeather,GetWeather,GetWeather,GetWeather,GetWeather,False
SearchCreativeWork-001,"Please look up the TV show, Vanity.",SearchCreativeWork,SearchCreativeWork,SearchCreativeWork,SearchCreativeWork,SearchCreativeWork,SearchCreativeWork,False
GetWeather-006,When will it be hot here,GetWeather,GetWeather,GetWeather,GetWeather,GetWeather,GetWeather,False
PlayMusic-035,play Jill Sobule album,PlayMusic,PlayMusic,PlayMusic,PlayMusic,PlayMusic,PlayMusic,False
BookRestaurant-018,I want to book Oregon Electric Station in North City.,BookRestaurant,BookRestaurant,BookRestaurant,BookRestaurant,BookRestaurant,BookRestaurant,False
PlayMusic-074,Play Another Passenger from Louis Nelson Delisle.,PlayMusic,PlayMusic,PlayMusic,PlayMusic,PlayMusic,PlayMusic,False
RateBook-079,rate Know Ye Not Agincourt? 2 out of 6 stars,RateBook,RateBook,RateBook,RateBook,RateBook,RateBook,False
PlayMusic-061,Go to Itunes and play Dr. Lecter by David Hodges,PlayMusic,PlayMusic,PlayMusic,INVALID,PlayMusic,PlayMusic,True
SearchScreeningEvent-041,what are the movie schedules in the neighborhood,SearchScreeningEvent,SearchScreeningEvent,SearchScreeningEvent,SearchScreeningEvent,SearchScreeningEvent,SearchScreeningEvent,False
SearchScreeningEvent-042,Check the schedule for Bow Tie Cinemas.,SearchScreeningEvent,SearchScreeningEvent,SearchScreeningEvent,SearchScreeningEvent,SearchScreeningEvent,SearchScreeningEvent,False
PlayMusic-071,play the top-20 Nawang Khechog soundtrack,PlayMusic,PlayMusic,PlayMusic,PlayMusic,PlayMusic,PlayMusic,False
BookRestaurant-053,book spot for six  at 8 pm at a coffeehouse in NE that serves hog fry,BookRestaurant,BookRestaurant,BookRestaurant,BookRestaurant,BookRestaurant,BookRestaurant,False
SearchCreativeWork-042,"Search for the TV show, A Lawless Street.",SearchCreativeWork,SearchCreativeWork,SearchCreativeWork,SearchCreativeWork,SearchCreativeWork,SearchCreativeWork,False
SearchCreativeWork-076,Find a creative work called Fire in the Hole,SearchCreativeWork,SearchCreativeWork,SearchCreativeWork,SearchCreativeWork,SearchCreativeWork,SearchCreativeWork,False
SearchScreeningEvent-087,Is Rare Birds showing at the nearest movie theatre at noon.,SearchScreeningEvent,SearchScreeningEvent,SearchScreeningEvent,SearchScreeningEvent,SearchScreeningEvent,SearchScreeningEvent,False
BookRestaurant-067,Book a reservation for 10 people at an oyster bar with a pool within the same area of Cowansburg for 10 Pm,BookRestaurant,BookRestaurant,BookRestaurant,BookRestaurant,BookRestaurant,BookRestaurant,False
RateBook-011,rate this book a 4 out of 6,RateBook,RateBook,RateBook,RateBook,RateBook,RateBook,False
PlayMusic-055,Play some symphony music from David Lindley.,PlayMusic,PlayMusic,PlayMusic,PlayMusic,PlayMusic,PlayMusic,False
AddToPlaylist-084,Add martin barre to my punk unplugged playlist.,AddToPlaylist,AddToPlaylist,AddToPlaylist,AddToPlaylist,AddToPlaylist,AddToPlaylist,False
GetWeather-022,Will there be hail on 11/12/2036 in Singapore,GetWeather,GetWeather,GetWeather,GetWeather,GetWeather,GetWeather,False
RateBook-036,Give Monthly Index of Medical Specialities a two out of 6 rating.,RateBook,RateBook,RateBook,RateBook,RateBook,RateBook,False
GetWeather-049,what is the forecast for LA for freezing ,GetWeather,GetWeather,GetWeather,GetWeather,GetWeather,GetWeather,False
GetWeather-055,what is the forecast in Nicodemus and nearby,GetWeather,GetWeather,GetWeather,GetWeather,GetWeather,GetWeather,False
RateBook-072,Rate In the Company of Cheerful Ladies a zero out of 6,RateBook,RateBook,RateBook,RateBook,RateBook,RateBook,False
SearchCreativeWork-022,Please look up the song The Mad Magician.,SearchCreativeWork,SearchCreativeWork,SearchCreativeWork,SearchCreativeWork,PlayMusic,SearchCreativeWork,False
SearchScreeningEvent-073,Find the movie schedules at Goodrich Quality Theaters.,SearchScreeningEvent,SearchScreeningEvent,SearchScreeningEvent,SearchScreeningEvent,SearchScreeningEvent,SearchScreeningEvent,False
AddToPlaylist-088,Add Toyan to my Epic Gaming playlist.,AddToPlaylist,AddToPlaylist,AddToPlaylist,AddToPlaylist,AddToPlaylist,AddToPlaylist,False
SearchScreeningEvent-029,Fine the movie schedules for the Wanda Group.,SearchScreeningEvent,SearchScreeningEvent,SearchScreeningEvent,SearchScreeningEvent,SearchScreeningEvent,SearchScreeningEvent,False
GetWeather-067,what is the cold condition of our current position for tomorrow,GetWeather,GetWeather,GetWeather,GetWeather,GetWeather,GetWeather,False
RateBook-016,Rate The Mystery of the Tolling Bell series 4 stars.,RateBook,RateBook,RateBook,RateBook,RateBook,RateBook,False
AddToPlaylist-058,Add this artist to Showstopper Being Mary Jane,AddToPlaylist,AddToPlaylist,AddToPlaylist,INVALID,AddToPlaylist,AddToPlaylist,True
SearchScreeningEvent-061,Find the schedule at Star Theatres.,SearchScreeningEvent,SearchScreeningEvent,SearchScreeningEvent,SearchScreeningEvent,SearchScreeningEvent,SearchScreeningEvent,False
PlayMusic-024,Start playing something from Iheart,PlayMusic,PlayMusic,PlayMusic,PlayMusic,PlayMusic,PlayMusic,False
RateBook-093,Give The Crystal Snare 5 stars,RateBook,RateBook,RateBook,RateBook,RateBook,RateBook,False
GetWeather-012,What is the forecast for Wyoming at Stanardsville during the storm,GetWeather,GetWeather,GetWeather,INVALID,GetWeather,GetWeather,True
GetWeather-052,"what is the overcast forecast for the current position starting on jul. 19, 2030",GetWeather,GetWeather,GetWeather,GetWeather,GetWeather,GetWeather,False
SearchScreeningEvent-031,Find the schedule at the Douglas Theatre Company.,SearchScreeningEvent,SearchScreeningEvent,SearchScreeningEvent,SearchScreeningEvent,RateBook,SearchScreeningEvent,False
SearchCreativeWork-089,Please look up Show-Biz Blues photograph.,SearchCreativeWork,SearchCreativeWork,SearchCreativeWork,SearchCreativeWork,SearchCreativeWork,SearchCreativeWork,False
SearchCreativeWork-013,Can you find me The Ridiculous 6 book?,SearchCreativeWork,SearchCreativeWork,SearchCreativeWork,INVALID,SearchCreativeWork,SearchCreativeWork,True
SearchScreeningEvent-025,I want to see DOA: Dead or Alive at Loews Cineplex Entertainment.,SearchScreeningEvent,SearchScreeningEvent,SearchScreeningEvent,SearchScreeningEvent,SearchScreeningEvent,SearchScreeningEvent,False
SearchCreativeWork-011,Find the television show To Me,SearchCreativeWork,SearchCreativeWork,SearchCreativeWork,SearchCreativeWork,SearchCreativeWork,SearchCreativeWork,False
BookRestaurant-064,Like to book a seat in Monaco for the Yankee Doodle Coffee Shop,BookRestaurant,BookRestaurant,BookRestaurant,BookRestaurant,BookRestaurant,BookRestaurant,False
SearchScreeningEvent-079,is We Are Northern Lights playing in any movie theatre,SearchScreeningEvent,SearchScreeningEvent,SearchScreeningEvent,SearchScreeningEvent,SearchScreeningEvent,SearchScreeningEvent,False
GetWeather-045,"Will the sun be out in 1 minute in Searcy, Uganda",GetWeather,GetWeather,GetWeather,GetWeather,GetWeather,GetWeather,False
GetWeather-079,I need the weather in Wakarusa,GetWeather,GetWeather,GetWeather,GetWeather,GetWeather,GetWeather,False
PlayMusic-041,Play a fifties album from Dj Yoda on Last Fm.,PlayMusic,PlayMusic,PlayMusic,PlayMusic,PlayMusic,PlayMusic,False
BookRestaurant-050,"book spot for mavis, sheila and I in Syria at elevenses",BookRestaurant,BookRestaurant,BookRestaurant,INVALID,BookRestaurant,BookRestaurant,True
SearchCreativeWork-059,Please find me the Olympia 74 soundtrack.,SearchCreativeWork,SearchCreativeWork,SearchCreativeWork,SearchCreativeWork,PlayMusic,SearchCreativeWork,False
SearchScreeningEvent-001,Is The Ghost playing,SearchScreeningEvent,PlayMusic,SearchScreeningEvent,SearchScreeningEvent,PlayMusic,SearchScreeningEvent,False
SearchCreativeWork-016,Please help me find the Late Night Heartbroken Blues television show.,SearchCreativeWork,SearchCreativeWork,SearchCreativeWork,INVALID,SearchCreativeWork,SearchCreativeWork,True
RateBook-056,Give zero out of 6 stars to this album,RateBook,RateBook,RateBook,RateBook,PlayMusic,RateBook,False
RateBook-053,rate Personal Demons 0 out of 6 points,RateBook,RateBook,RateBook,RateBook,RateBook,RateBook,False
SearchScreeningEvent-084,what films are playing close by,SearchScreeningEvent,SearchScreeningEvent,SearchScreeningEvent,SearchScreeningEvent,SearchScreeningEvent,SearchScreeningEvent,False
AddToPlaylist-099,Add the album to my Club Hits playlist.,AddToPlaylist,AddToPlaylist,AddToPlaylist,AddToPlaylist,AddToPlaylist,AddToPlaylist,False
BookRestaurant-003,Book a reservation for an oyster bar,BookRestaurant,BookRestaurant,BookRestaurant,BookRestaurant,BookRestaurant,BookRestaurant,False
PlayMusic-007,Play my inventive playlist,PlayMusic,PlayMusic,PlayMusic,INVALID,PlayMusic,PlayMusic,True
RateBook-002,rate A Twist in the Tale zero out of 6 points,RateBook,RateBook,RateBook,RateBook,RateBook,RateBook,False
PlayMusic-099,Play Modern Psychedelia.,PlayMusic,PlayMusic,PlayMusic,PlayMusic,PlayMusic,PlayMusic,False
RateBook-086,Give this album one stars,RateBook,RateBook,RateBook,INVALID,PlayMusic,RateBook,True
SearchCreativeWork-036,Please search for the painting titled This Is the Night.,SearchCreativeWork,SearchCreativeWork,SearchCreativeWork,SearchCreativeWork,SearchCreativeWork,SearchCreativeWork,False
PlayMusic-020,Open itunes and play Ben Burnley Ready To Die,PlayMusic,PlayMusic,PlayMusic,PlayMusic,PlayMusic,PlayMusic,False
PlayMusic-064,Please tune into Chieko Ochi's good music,PlayMusic,PlayMusic,PlayMusic,PlayMusic,PlayMusic,PlayMusic,False
RateBook-050,give The Zenith Angle one out of 6 points,RateBook,RateBook,RateBook,RateBook,RateBook,RateBook,False
SearchScreeningEvent-071,show me the schedule of movie The Great Gildersleeve near movie house,SearchScreeningEvent,SearchScreeningEvent,SearchScreeningEvent,SearchScreeningEvent,SearchScreeningEvent,SearchScreeningEvent,False
PlayMusic-040,Play some sixties songs on Google Music,PlayMusic,PlayMusic,PlayMusic,PlayMusic,PlayMusic,PlayMusic,False
AddToPlaylist-042,Add the 40 cal tune to the laundry playlist.,AddToPlaylist,AddToPlaylist,AddToPlaylist,AddToPlaylist,AddToPlaylist,AddToPlaylist,False
GetWeather-016,Check the forecast for Nebraska.,GetWeather,GetWeather,GetWeather,GetWeather,GetWeather,GetWeather,False
BookRestaurant-045,Book seven in neighboring Moorpark,BookRestaurant,SearchCreativeWork,BookRestaurant,INVALID,BookRestaurant,BookRestaurant,True
PlayMusic-019,nineties songs on Zvooq,PlayMusic,PlayMusic,PlayMusic,SearchCreativeWork,PlayMusic,SearchCreativeWork,False
SearchScreeningEvent-099,I want to see Married to the Enemy 2 at a cinema.,SearchScreeningEvent,SearchScreeningEvent,SearchScreeningEvent,SearchScreeningEvent,SearchScreeningEvent,SearchScreeningEvent,False
RateBook-023,Reminiscences of the Anti-Japanese Guerillas chronicle deserves zero points out of 6 for a rating.,RateBook,RateBook,RateBook,RateBook,RateBook,RateBook,False
PlayMusic-048,Play the top twenty Hisham Abbas on Youtube,PlayMusic,PlayMusic,PlayMusic,PlayMusic,PlayMusic,PlayMusic,False
BookRestaurant-010,Book me a reservation for the best bistro,BookRestaurant,BookRestaurant,BookRestaurant,INVALID,BookRestaurant,BookRestaurant,True
GetWeather-050,how cold will it be here in 1 second ,GetWeather,GetWeather,GetWeather,GetWeather,GetWeather,GetWeather,False
SearchCreativeWork-017,"Please help me find, Bend It Like Beckham the Musical.",SearchCreativeWork,SearchCreativeWork,SearchCreativeWork,SearchCreativeWork,PlayMusic,SearchCreativeWork,False
SearchCreativeWork-056,Looking for a song with the title of Live at the Kings Center,SearchCreativeWork,SearchCreativeWork,SearchCreativeWork,SearchCreativeWork,PlayMusic,SearchCreativeWork,False
GetWeather-036,"What will the weather be not far from here on October the nineteenth, 2026?",GetWeather,GetWeather,GetWeather,GetWeather,GetWeather,GetWeather,False
AddToPlaylist-085,add tierney sutton to my Novedades Viernes Sudamérica playlist,AddToPlaylist,AddToPlaylist,AddToPlaylist,AddToPlaylist,AddToPlaylist,AddToPlaylist,False
SearchCreativeWork-060,Look for the album Slave to the Grind,SearchCreativeWork,SearchCreativeWork,SearchCreativeWork,SearchCreativeWork,PlayMusic,SearchCreativeWork,False
GetWeather-053,"what is the forecast for Morocco  at Lake Ozark on December seventeenth, 2022",GetWeather,GetWeather,GetWeather,GetWeather,GetWeather,GetWeather,False
BookRestaurant-017,I need a table for 5 at a highly rated gastropub in Concord MN,BookRestaurant,BookRestaurant,BookRestaurant,BookRestaurant,BookRestaurant,BookRestaurant,False
GetWeather-021,What will the weather be nineteen hours from now neighboring Saint Kitts and Nevis?,GetWeather,GetWeather,GetWeather,GetWeather,GetWeather,GetWeather,False
PlayMusic-059,Play Dance With The Devil by Mr. Lordi,PlayMusic,PlayMusic,PlayMusic,INVALID,PlayMusic,PlayMusic,True
GetWeather-078,overcast on State Holiday in Pawling Nature Reserve  and neighboring places,GetWeather,GetWeather,GetWeather,INVALID,GetWeather,GetWeather,True
GetWeather-035,When is sunrise for AR,GetWeather,GetWeather,GetWeather,GetWeather,GetWeather,GetWeather,False
PlayMusic-065,Play the greatest music from Bryan Maclean.,PlayMusic,PlayMusic,PlayMusic,INVALID,PlayMusic,PlayMusic,True
SearchCreativeWork-096,"I wish to watch The Fold trailer, please search.",SearchCreativeWork,SearchCreativeWork,SearchCreativeWork,SearchCreativeWork,SearchScreeningEvent,SearchCreativeWork,False
PlayMusic-045,play a sixties soundtrack,PlayMusic,PlayMusic,PlayMusic,PlayMusic,PlayMusic,PlayMusic,False
GetWeather-096,Will it be rainy in Tenino?,GetWeather,GetWeather,GetWeather,INVALID,GetWeather,GetWeather,True
BookRestaurant-075,I want to book a food truck for seven people in the Republic of the Congo.,BookRestaurant,BookRestaurant,BookRestaurant,BookRestaurant,RateBook,BookRestaurant,False
AddToPlaylist-083,I need to add to my Infinite Indie Folk list the works of Rahim Shah,AddToPlaylist,AddToPlaylist,AddToPlaylist,AddToPlaylist,SearchCreativeWork,AddToPlaylist,False
GetWeather-046,what is the weather here,GetWeather,GetWeather,GetWeather,GetWeather,GetWeather,GetWeather,False
BookRestaurant-093,I want to book a restaurant in sixteen seconds for 5 people in Gold Point Montana.,BookRestaurant,BookRestaurant,BookRestaurant,BookRestaurant,BookRestaurant,BookRestaurant,False
PlayMusic-095,Let's hear good Mohammad Mamle on Vimeo.,PlayMusic,PlayMusic,PlayMusic,PlayMusic,PlayMusic,PlayMusic,False
RateBook-030,Rate the chronicle current 1 star,RateBook,RateBook,RateBook,INVALID,RateBook,RateBook,True
SearchCreativeWork-086,"Please look up the work, Prophets.",SearchCreativeWork,SearchCreativeWork,SearchCreativeWork,SearchCreativeWork,GetWeather,SearchCreativeWork,False
AddToPlaylist-022,Put petar georgiev kalica onto the Old School Hip Hop playlist.,AddToPlaylist,AddToPlaylist,AddToPlaylist,AddToPlaylist,AddToPlaylist,AddToPlaylist,False
GetWeather-065,what is the forecast for here for blizzard conditions at five pm,GetWeather,GetWeather,GetWeather,INVALID,GetWeather,GetWeather,True
AddToPlaylist-048,Add kent james to the disney soundtrack.,AddToPlaylist,AddToPlaylist,AddToPlaylist,INVALID,PlayMusic,AddToPlaylist,True
AddToPlaylist-011,add nuba to my Metal Party playlist,AddToPlaylist,AddToPlaylist,AddToPlaylist,AddToPlaylist,AddToPlaylist,AddToPlaylist,False
SearchScreeningEvent-050,I need a list of Speakeasy Theaters movie times,SearchScreeningEvent,SearchScreeningEvent,SearchScreeningEvent,SearchScreeningEvent,SearchScreeningEvent,SearchScreeningEvent,False
BookRestaurant-027,I want to book a taverna in Archer City for this spring for nine people.,BookRestaurant,BookRestaurant,BookRestaurant,BookRestaurant,BookRestaurant,BookRestaurant,False
BookRestaurant-025,book spot for 4 in Somalia,BookRestaurant,BookRestaurant,BookRestaurant,INVALID,BookRestaurant,BookRestaurant,True
BookRestaurant-068,"Book a reservation for velma, ana and rebecca for an american pizzeria at 5 Am in MA",BookRestaurant,BookRestaurant,BookRestaurant,INVALID,BookRestaurant,BookRestaurant,True
GetWeather-033,What is the weather going to be like in Virginia on st. patrick's day?,GetWeather,GetWeather,GetWeather,GetWeather,GetWeather,GetWeather,False
AddToPlaylist-021,Add Andy Hunter to my Evening Commute playlist.,AddToPlaylist,AddToPlaylist,AddToPlaylist,AddToPlaylist,AddToPlaylist,AddToPlaylist,False
GetWeather-048,What kind of weather is forecast in MS now?,GetWeather,GetWeather,GetWeather,GetWeather,GetWeather,GetWeather,False
GetWeather-087,will Custer National Forest be chillier at seven Pm,GetWeather,GetWeather,GetWeather,GetWeather,GetWeather,GetWeather,False
RateBook-017,Give the current novel two stars.,RateBook,RateBook,RateBook,RateBook,RateBook,RateBook,False
SearchCreativeWork-020,Please search for Switched.,SearchCreativeWork,SearchCreativeWork,SearchCreativeWork,SearchCreativeWork,RateBook,SearchCreativeWork,False
PlayMusic-047,Live In L.aJoseph Meyer please,PlayMusic,PlayMusic,SearchCreativeWork,INVALID,BookRestaurant,PlayMusic,True
SearchScreeningEvent-051,When is The Outer Space Connection playing at the nearest cinema.,SearchScreeningEvent,SearchScreeningEvent,SearchScreeningEvent,SearchScreeningEvent,SearchScreeningEvent,SearchScreeningEvent,False
SearchCreativeWork-055,Find me the novel with the name To Lose My Life…,SearchCreativeWork,SearchCreativeWork,SearchCreativeWork,SearchCreativeWork,SearchCreativeWork,SearchCreativeWork,False
GetWeather-020,"Tell me if it will be snowy 8 hours from now in Mount Airy, VI",GetWeather,GetWeather,GetWeather,GetWeather,GetWeather,GetWeather,False
AddToPlaylist-093,add Farhad Darya songs in virales de siempre,AddToPlaylist,AddToPlaylist,AddToPlaylist,INVALID,AddToPlaylist,AddToPlaylist,True
BookRestaurant-013,book a gastropub that serves turkish food for 4 people,BookRestaurant,BookRestaurant,BookRestaurant,BookRestaurant,BookRestaurant,BookRestaurant,False
SearchCreativeWork-088,Please search for the Journal of Official Statistics show.,SearchCreativeWork,SearchCreativeWork,SearchCreativeWork,SearchCreativeWork,RateBook,SearchCreativeWork,False
PlayMusic-085,play some new Les Vandyke on Slacker,PlayMusic,PlayMusic,PlayMusic,PlayMusic,PlayMusic,PlayMusic,False
PlayMusic-000,can you put on Like A Hurricane by Paul Landers,PlayMusic,PlayMusic,PlayMusic,PlayMusic,PlayMusic,PlayMusic,False
SearchCreativeWork-039,Please search the An Introduction to Karl Marx painting.,SearchCreativeWork,SearchCreativeWork,SearchCreativeWork,SearchCreativeWork,SearchCreativeWork,SearchCreativeWork,False
GetWeather-038,Tell me the weather forecast here,GetWeather,GetWeather,GetWeather,INVALID,GetWeather,GetWeather,True
GetWeather-094,Will it be chilly midday in Cresbard Afghanistan?,GetWeather,GetWeather,GetWeather,GetWeather,GetWeather,GetWeather,False
RateBook-041,Give A Brief Stop on the Road from Auschwitz 1 out of 6 stars,RateBook,RateBook,RateBook,RateBook,RateBook,RateBook,False
GetWeather-032,Will it be hot at 13:19 in De Funiak Springs Serbia and Montenegro?,GetWeather,GetWeather,GetWeather,GetWeather,GetWeather,GetWeather,False
SearchCreativeWork-010,Looking for a creative work called Plant Ecology,SearchCreativeWork,SearchCreativeWork,SearchCreativeWork,SearchCreativeWork,SearchCreativeWork,SearchCreativeWork,False
RateBook-040,rate this current album 0 stars,RateBook,RateBook,RateBook,INVALID,PlayMusic,RateBook,True
PlayMusic-086,Please open Zvooq,PlayMusic,PlayMusic,PlayMusic,PlayMusic,PlayMusic,PlayMusic,False
GetWeather-023,Will it be colder here in 48 and a half weeks,GetWeather,GetWeather,GetWeather,INVALID,GetWeather,GetWeather,True
BookRestaurant-037,book spot for 1 at Town of Ramsgate in Merit,BookRestaurant,BookRestaurant,BookRestaurant,BookRestaurant,BookRestaurant,BookRestaurant,False
RateBook-012,rate the current novel 5 of 6 stars,RateBook,RateBook,RateBook,INVALID,RateBook,RateBook,True
PlayMusic-072,Let's hear stuff from Andrew Hewitt.,PlayMusic,PlayMusic,PlayMusic,PlayMusic,PlayMusic,PlayMusic,False
RateBook-092,Give this textbook 0 out of 6 stars,RateBook,RateBook,RateBook,RateBook,RateBook,RateBook,False
SearchCreativeWork-069,Looking for a painting with the title With You,SearchCreativeWork,SearchCreativeWork,SearchCreativeWork,SearchCreativeWork,SearchCreativeWork,SearchCreativeWork,False
BookRestaurant-046,I want to eat by five pm in NE for a six people,BookRestaurant,BookRestaurant,BookRestaurant,INVALID,BookRestaurant,BookRestaurant,True
BookRestaurant-059,Book a reservation for 5 people at the top-rated brasserie restaurant,BookRestaurant,BookRestaurant,BookRestaurant,BookRestaurant,BookRestaurant,BookRestaurant,False
BookRestaurant-099,need a table somewhere in Quarryville 14 hours from now,BookRestaurant,BookRestaurant,BookRestaurant,BookRestaurant,BookRestaurant,BookRestaurant,False
GetWeather-069,Will it be freezing today in Delaware and Lehigh National Heritage Corridor?,GetWeather,GetWeather,GetWeather,INVALID,GetWeather,GetWeather,True
SearchScreeningEvent-012,"I want to see Those Kids from Town, when will it be showing?",SearchScreeningEvent,SearchScreeningEvent,SearchScreeningEvent,SearchScreeningEvent,SearchScreeningEvent,SearchScreeningEvent,False
RateBook-067,rate this chronicle 0 points,RateBook,RateBook,RateBook,RateBook,RateBook,RateBook,False
SearchCreativeWork-025,Get me the Procession of Ants TV show.,SearchCreativeWork,SearchCreativeWork,SearchCreativeWork,INVALID,SearchCreativeWork,SearchCreativeWork,True
BookRestaurant-091,book a party of five at Seagoville for 06:42,BookRestaurant,BookRestaurant,BookRestaurant,BookRestaurant,BookRestaurant,BookRestaurant,False
BookRestaurant-079,book a restaurant for six at an outdoor cafe in Åland,BookRestaurant,BookRestaurant,BookRestaurant,BookRestaurant,BookRestaurant,BookRestaurant,False
AddToPlaylist-050,Can you put the artist Giovanni Giacomo Gastoldi onto the Chill Out Music playlist?,AddToPlaylist,AddToPlaylist,AddToPlaylist,AddToPlaylist,AddToPlaylist,AddToPlaylist,False
SearchScreeningEvent-096,What are the movie times for animated movies in the neighbourhood,SearchScreeningEvent,SearchScreeningEvent,SearchScreeningEvent,SearchScreeningEvent,SearchScreeningEvent,SearchScreeningEvent,False
SearchScreeningEvent-016,Is Without Witness playing twenty two hours from now,SearchScreeningEvent,SearchScreeningEvent,SearchScreeningEvent,SearchScreeningEvent,PlayMusic,SearchScreeningEvent,False
RateBook-029,rate Black Boy 4 out of 6,RateBook,RateBook,RateBook,RateBook,RateBook,RateBook,False
GetWeather-009,humidity in Olvey New Hampshire,GetWeather,GetWeather,GetWeather,INVALID,GetWeather,GetWeather,True
GetWeather-061,"Will it be warmer in the District Of Columbia on may 25, 2033?",GetWeather,GetWeather,GetWeather,GetWeather,GetWeather,GetWeather,False
GetWeather-015,Will it be rainy at Sunrise in Ramey Saudi Arabia?,GetWeather,GetWeather,GetWeather,GetWeather,GetWeather,GetWeather,False
PlayMusic-028,I want to hear music from Allen Toussaint from the fifties,PlayMusic,PlayMusic,PlayMusic,PlayMusic,PlayMusic,PlayMusic,False
GetWeather-042,What is the weather forecast for Burundi,GetWeather,GetWeather,GetWeather,GetWeather,GetWeather,GetWeather,False
GetWeather-081,Tell me the weather forecast for UT on thursday,GetWeather,GetWeather,GetWeather,INVALID,GetWeather,GetWeather,True
SearchCreativeWork-067,Look for the TV series Jersey Boys,SearchCreativeWork,SearchCreativeWork,SearchCreativeWork,SearchCreativeWork,SearchCreativeWork,SearchCreativeWork,False
SearchScreeningEvent-069,Find the movie schedule close by,SearchScreeningEvent,SearchScreeningEvent,SearchScreeningEvent,SearchScreeningEvent,SearchScreeningEvent,SearchScreeningEvent,False
SearchCreativeWork-085,Find the creative work The Devil in Stitches,SearchCreativeWork,SearchCreativeWork,SearchCreativeWork,SearchCreativeWork,SearchCreativeWork,SearchCreativeWork,False
PlayMusic-081,I want to hear anything from the Rock Symphonique genre please.,PlayMusic,PlayMusic,PlayMusic,PlayMusic,PlayMusic,PlayMusic,False
SearchCreativeWork-029,Find me a TV show called Baby Blue,SearchCreativeWork,SearchCreativeWork,SearchCreativeWork,INVALID,SearchCreativeWork,SearchCreativeWork,True
AddToPlaylist-029,add Jonathan Sprout album to my this is miranda lambert playlist,AddToPlaylist,AddToPlaylist,AddToPlaylist,AddToPlaylist,AddToPlaylist,AddToPlaylist,False
RateBook-022,Give the Catedral series four stars.,RateBook,RateBook,RateBook,RateBook,RateBook,RateBook,False
SearchCreativeWork-026,Looking for a game called Phinally Phamous,SearchCreativeWork,SearchCreativeWork,SearchCreativeWork,INVALID,SearchCreativeWork,SearchCreativeWork,True
SearchScreeningEvent-076,show the movie times for animated movies in the neighbourhood,SearchScreeningEvent,SearchScreeningEvent,SearchScreeningEvent,SearchScreeningEvent,SearchScreeningEvent,SearchScreeningEvent,False
PlayMusic-079,Play my Black Sabbath: The Dio Years playlist.,PlayMusic,PlayMusic,PlayMusic,PlayMusic,PlayMusic,PlayMusic,False
RateBook-024,"Give Small Screen, Big Picture a 0 out of 6 rating.",RateBook,RateBook,RateBook,RateBook,RateBook,RateBook,False
SearchCreativeWork-082,Can you please get me the book Dracula 5: The Blood Legacy?,SearchCreativeWork,SearchCreativeWork,SearchCreativeWork,INVALID,SearchCreativeWork,SearchCreativeWork,True
AddToPlaylist-045,add A Very Cellular Song to masters of metal playlist,AddToPlaylist,AddToPlaylist,AddToPlaylist,INVALID,AddToPlaylist,AddToPlaylist,True
AddToPlaylist-013,Put Jean Philippe Goncalves onto my running to rock 170 to 190 bpm.,AddToPlaylist,AddToPlaylist,AddToPlaylist,AddToPlaylist,PlayMusic,AddToPlaylist,False
AddToPlaylist-017,"Add Jerry Calliste, Jr to my Te quiero playlist.",AddToPlaylist,AddToPlaylist,AddToPlaylist,AddToPlaylist,AddToPlaylist,AddToPlaylist,False
AddToPlaylist-074,Please add The image of you to my playlist Crate Diggers Anonymous,AddToPlaylist,AddToPlaylist,AddToPlaylist,INVALID,PlayMusic,AddToPlaylist,True
BookRestaurant-024,Book a reservation at tavern for noodle,BookRestaurant,BookRestaurant,BookRestaurant,BookRestaurant,BookRestaurant,BookRestaurant,False
RateBook-032,rate the current novel zero out of 6,RateBook,RateBook,RateBook,RateBook,RateBook,RateBook,False
GetWeather-095,"What will the weather be in Sarygamyş Sanctuary on august 21, 2035?",GetWeather,GetWeather,GetWeather,GetWeather,GetWeather,GetWeather,False
PlayMusic-036,Play chant's from 1973.,PlayMusic,PlayMusic,PlayMusic,PlayMusic,PlayMusic,PlayMusic,False
AddToPlaylist-036,Add a song to this is racionais mc's,AddToPlaylist,AddToPlaylist,AddToPlaylist,AddToPlaylist,PlayMusic,AddToPlaylist,False
PlayMusic-062,Play S.t.r.e.e.t. D.a.d. from Hiromitsu Agatsuma through Pandora.,PlayMusic,PlayMusic,PlayMusic,PlayMusic,PlayMusic,PlayMusic,False
RateBook-010,Rate the current series four stars.,RateBook,RateBook,RateBook,RateBook,RateBook,RateBook,False
PlayMusic-087,Play Progressive Metal.,PlayMusic,PlayMusic,PlayMusic,PlayMusic,PlayMusic,PlayMusic,False
PlayMusic-025,Play Trance Life on Zvooq.,PlayMusic,PlayMusic,PlayMusic,PlayMusic,PlayMusic,PlayMusic,False
AddToPlaylist-075,Add a track to Jazzy Dinner,AddToPlaylist,AddToPlaylist,AddToPlaylist,AddToPlaylist,PlayMusic,AddToPlaylist,False
SearchScreeningEvent-006,show me the schedule for Rat Rod Rockers!,SearchScreeningEvent,SearchCreativeWork,SearchScreeningEvent,SearchScreeningEvent,BookRestaurant,SearchScreeningEvent,False
SearchCreativeWork-002,Get me the Elvis' Christmas Album TV show.,SearchCreativeWork,SearchCreativeWork,SearchCreativeWork,INVALID,PlayMusic,SearchCreativeWork,True
BookRestaurant-007,"Book me and my nieces a reservation for a seafood restaurant in Cle Elum, NE on ascension day",BookRestaurant,BookRestaurant,BookRestaurant,INVALID,BookRestaurant,BookRestaurant,True
RateBook-003,Rate The children of Niobe 1 out of 6 points.,RateBook,RateBook,RateBook,RateBook,RateBook,RateBook,False
SearchCreativeWork-090,Please search the Woodsmen of the West.,SearchCreativeWork,SearchCreativeWork,SearchCreativeWork,SearchCreativeWork,RateBook,SearchCreativeWork,False
SearchCreativeWork-048,Need the creative work called The Logic of Scientific Discovery,SearchCreativeWork,SearchCreativeWork,SearchCreativeWork,SearchCreativeWork,SearchCreativeWork,SearchCreativeWork,False
AddToPlaylist-049,Add the artist Adam Deibert to my Perfect Concentration playlist.,AddToPlaylist,AddToPlaylist,AddToPlaylist,AddToPlaylist,AddToPlaylist,AddToPlaylist,False
PlayMusic-098,Play rich sex on Iheart,PlayMusic,PlayMusic,PlayMusic,PlayMusic,PlayMusic,PlayMusic,False
PlayMusic-044,Let's play Jamie Robertson's Handover on vimeo ,PlayMusic,SearchCreativeWork,SearchCreativeWork,INVALID,PlayMusic,PlayMusic,True
RateBook-019,Give Joe Magarac and His USA Citizen Papers 5 points,RateBook,RateBook,RateBook,RateBook,RateBook,RateBook,False
RateBook-076,"Out of 6, give Rivers of Babylon a 1",RateBook,RateBook,RateBook,RateBook,RateBook,RateBook,False
SearchScreeningEvent-055,I want to see Fear Chamber.,SearchScreeningEvent,SearchCreativeWork,SearchCreativeWork,SearchScreeningEvent,SearchScreeningEvent,SearchScreeningEvent,False
RateBook-037,rate this novel 2 out of 6 points,RateBook,RateBook,RateBook,RateBook,RateBook,RateBook,False
SearchCreativeWork-047,Find the creative work Deadly Weapons,SearchCreativeWork,SearchCreativeWork,SearchCreativeWork,INVALID,SearchCreativeWork,SearchCreativeWork,True
RateBook-073,Give one start to the current book,RateBook,SearchCreativeWork,RateBook,RateBook,RateBook,RateBook,False
AddToPlaylist-089,Add the song to the Mac 'N Cheese playlist.,AddToPlaylist,AddToPlaylist,AddToPlaylist,INVALID,AddToPlaylist,AddToPlaylist,True
SearchScreeningEvent-033,what movies at Star Theatres.,SearchScreeningEvent,SearchScreeningEvent,SearchScreeningEvent,SearchScreeningEvent,SearchScreeningEvent,SearchScreeningEvent,False
GetWeather-075,What's the humidity here right now?,GetWeather,GetWeather,GetWeather,GetWeather,GetWeather,GetWeather,False
AddToPlaylist-053,Add the track to the drum & breaks playlist.,AddToPlaylist,AddToPlaylist,AddToPlaylist,AddToPlaylist,AddToPlaylist,AddToPlaylist,False
RateBook-063,Give Summer of the Swans 1 points.,RateBook,RateBook,RateBook,RateBook,RateBook,RateBook,False
PlayMusic-021,Play an ep by Zak Starkey.,PlayMusic,PlayMusic,PlayMusic,PlayMusic,PlayMusic,PlayMusic,False
SearchScreeningEvent-092,what are the movie times,SearchScreeningEvent,SearchScreeningEvent,SearchScreeningEvent,INVALID,SearchScreeningEvent,SearchScreeningEvent,True
SearchCreativeWork-040,Can you find me the Blue Spring trailer?,SearchCreativeWork,SearchCreativeWork,SearchCreativeWork,SearchCreativeWork,SearchScreeningEvent,SearchCreativeWork,False
SearchCreativeWork-057,Can you find the American Bison photograph?,SearchCreativeWork,SearchCreativeWork,SearchCreativeWork,SearchCreativeWork,SearchCreativeWork,SearchCreativeWork,False
PlayMusic-037,Play something from 90s Pop Rock Essentials,PlayMusic,PlayMusic,PlayMusic,PlayMusic,PlayMusic,PlayMusic,False
PlayMusic-013,Please play something catchy on Youtube,PlayMusic,PlayMusic,PlayMusic,INVALID,PlayMusic,PlayMusic,True
SearchScreeningEvent-035,Can I get the movie times,SearchScreeningEvent,SearchScreeningEvent,SearchScreeningEvent,INVALID,SearchScreeningEvent,SearchScreeningEvent,True
RateBook-088,Rate Soul Music a 0.,RateBook,RateBook,RateBook,INVALID,PlayMusic,RateBook,True
RateBook-048,Rate Ruth five out of 6 points.,RateBook,RateBook,RateBook,RateBook,RateBook,RateBook,False
RateBook-065,Give 4 points to The Person and the Common Good,RateBook,RateBook,RateBook,RateBook,RateBook,RateBook,False
SearchCreativeWork-041,Could you find the TV series The Approach,SearchCreativeWork,SearchCreativeWork,SearchCreativeWork,INVALID,SearchCreativeWork,SearchCreativeWork,True
GetWeather-041,Will it be colder four months from now in Suwanee AK,GetWeather,GetWeather,GetWeather,GetWeather,GetWeather,GetWeather,False
RateBook-026,Give zero stars to this textbook,RateBook,RateBook,RateBook,RateBook,RateBook,RateBook,False
BookRestaurant-012,I want to book a joint in a  spa.,BookRestaurant,BookRestaurant,BookRestaurant,BookRestaurant,BookRestaurant,BookRestaurant,False
SearchCreativeWork-008,Need a creative work called Hit by Love,SearchCreativeWork,SearchCreativeWork,SearchCreativeWork,SearchCreativeWork,SearchCreativeWork,SearchCreativeWork,False
SearchScreeningEvent-027,What is the nearest movie house with Window Connection playing at lunch,SearchScreeningEvent,SearchScreeningEvent,SearchScreeningEvent,SearchScreeningEvent,SearchScreeningEvent,SearchScreeningEvent,False
SearchCreativeWork-073,Find Four Songs,SearchCreativeWork,SearchCreativeWork,SearchCreativeWork,SearchCreativeWork,PlayMusic,SearchCreativeWork,False
BookRestaurant-002,I would like to book a restaurant in Tanzania that is within walking distance for my mom and I,BookRestaurant,BookRestaurant,BookRestaurant,BookRestaurant,BookRestaurant,BookRestaurant,False
AddToPlaylist-034,Add lofty fake anagram to the la mejor música de bso playlist.,AddToPlaylist,AddToPlaylist,AddToPlaylist,AddToPlaylist,AddToPlaylist,AddToPlaylist,False
GetWeather-010,What's the weather going to be in UT?,GetWeather,GetWeather,GetWeather,GetWeather,GetWeather,GetWeather,False
AddToPlaylist-061,add Highway Patrolman in my playlist this is al green,AddToPlaylist,AddToPlaylist,AddToPlaylist,AddToPlaylist,AddToPlaylist,AddToPlaylist,False
PlayMusic-001,Play The Happy Blues by Ronnie Wood.,PlayMusic,PlayMusic,PlayMusic,INVALID,PlayMusic,PlayMusic,True
SearchScreeningEvent-082,what are some close by animated movies showing,SearchScreeningEvent,SearchScreeningEvent,SearchScreeningEvent,SearchScreeningEvent,SearchScreeningEvent,SearchScreeningEvent,False
SearchScreeningEvent-032,Show me the movies at Harkins Theatres.,SearchScreeningEvent,SearchScreeningEvent,SearchScreeningEvent,SearchScreeningEvent,SearchScreeningEvent,SearchScreeningEvent,False
RateBook-027,Rate the current novel a 4 out of 6 stars.,RateBook,RateBook,RateBook,RateBook,RateBook,RateBook,False
PlayMusic-004,Please play something good from U-roy.  Any song from 1975 on Zvooq will do.,PlayMusic,PlayMusic,PlayMusic,PlayMusic,PlayMusic,PlayMusic,False
BookRestaurant-001,Book a reservation for a restaurant not far from MA,BookRestaurant,BookRestaurant,BookRestaurant,BookRestaurant,BookRestaurant,BookRestaurant,False
BookRestaurant-044,I want to book a restaurant in Frenier 12 years from now for 4 people.,BookRestaurant,BookRestaurant,BookRestaurant,BookRestaurant,BookRestaurant,BookRestaurant,False
SearchScreeningEvent-004,i want to see JLA Adventures: Trapped In Time,SearchScreeningEvent,SearchCreativeWork,SearchScreeningEvent,SearchCreativeWork,SearchScreeningEvent,SearchCreativeWork,False
GetWeather-086,how's the weather here at two Am,GetWeather,GetWeather,GetWeather,GetWeather,GetWeather,GetWeather,False
SearchScreeningEvent-060,I want to see Shattered Image.,SearchScreeningEvent,SearchCreativeWork,SearchCreativeWork,SearchCreativeWork,SearchScreeningEvent,SearchCreativeWork,False
SearchScreeningEvent-022,I want to know if there are any movies playing in the area.,SearchScreeningEvent,SearchScreeningEvent,SearchScreeningEvent,SearchScreeningEvent,SearchScreeningEvent,SearchScreeningEvent,False
PlayMusic-052,Can you play A.j. Pero on Groove Shark?,PlayMusic,PlayMusic,PlayMusic,PlayMusic,PlayMusic,PlayMusic,False
GetWeather-014,what is the forecast starting 11 weeks from now nearby the state of Wisconsin,GetWeather,GetWeather,GetWeather,GetWeather,GetWeather,GetWeather,False
RateBook-047,Give a rating of 2 to Juneteenth.,RateBook,RateBook,RateBook,RateBook,RateBook,RateBook,False
GetWeather-034,Weather in Kaneville Maryland,GetWeather,GetWeather,GetWeather,GetWeather,GetWeather,GetWeather,False
GetWeather-099,What will the weather be in Milleville Beach?,GetWeather,GetWeather,GetWeather,GetWeather,GetWeather,GetWeather,False
PlayMusic-009,Play Subconscious Lobotomy from Jennifer Paull.,PlayMusic,PlayMusic,PlayMusic,PlayMusic,PlayMusic,PlayMusic,False
RateBook-091,rate the current textbook 1 out of 6,RateBook,RateBook,RateBook,INVALID,RateBook,RateBook,True
GetWeather-005,Weather next year in Dominica,GetWeather,GetWeather,GetWeather,GetWeather,GetWeather,GetWeather,False
PlayMusic-076,play the best Becca,PlayMusic,PlayMusic,PlayMusic,PlayMusic,PlayMusic,PlayMusic,False
RateBook-078,rate The Ghost House series a one,RateBook,RateBook,RateBook,RateBook,RateBook,RateBook,False
SearchCreativeWork-080,Please find me the Journal of the British Astronomical Association movie.,SearchCreativeWork,SearchCreativeWork,SearchCreativeWork,INVALID,SearchCreativeWork,SearchCreativeWork,True
PlayMusic-090,Play some blues britânico.,PlayMusic,PlayMusic,PlayMusic,PlayMusic,PlayMusic,PlayMusic,False
BookRestaurant-060,book a table on 1/20/2023 for 5 people in MH,BookRestaurant,BookRestaurant,BookRestaurant,BookRestaurant,BookRestaurant,BookRestaurant,False
BookRestaurant-056,Book a reservation for an osteria restaurant for 4 people on november 4,BookRestaurant,BookRestaurant,BookRestaurant,BookRestaurant,BookRestaurant,BookRestaurant,False
SearchCreativeWork-007,Please get me The Sacred and Profane Love Machine game.,SearchCreativeWork,SearchCreativeWork,SearchCreativeWork,SearchCreativeWork,SearchCreativeWork,SearchCreativeWork,False
SearchCreativeWork-074,Find me the soundtrack Live at the Greek Theatre,SearchCreativeWork,SearchCreativeWork,SearchCreativeWork,SearchCreativeWork,PlayMusic,SearchCreativeWork,False
AddToPlaylist-091,Add a song to my playlist madden nfl 16,AddToPlaylist,AddToPlaylist,AddToPlaylist,AddToPlaylist,AddToPlaylist,AddToPlaylist,False
PlayMusic-060,Play music from 1996.,PlayMusic,PlayMusic,PlayMusic,PlayMusic,PlayMusic,PlayMusic,False
AddToPlaylist-019,Add the artist mike to the Sexy as Folk playlist.,AddToPlaylist,AddToPlaylist,AddToPlaylist,AddToPlaylist,AddToPlaylist,AddToPlaylist,False
SearchCreativeWork-044,Please get me the Compulsive Disclosure song.,SearchCreativeWork,PlayMusic,SearchCreativeWork,SearchCreativeWork,PlayMusic,SearchCreativeWork,False
SearchCreativeWork-075,"Please search for the television show, Episodi di The Blacklist.",SearchCreativeWork,SearchCreativeWork,SearchCreativeWork,INVALID,SearchCreativeWork,SearchCreativeWork,True
PlayMusic-083,Put What Color Is Your Sky by Alana Davis on the stereo.,PlayMusic,PlayMusic,PlayMusic,PlayMusic,PlayMusic,PlayMusic,False
AddToPlaylist-080,Add the chris clark tune to my women of the blues playlist.,AddToPlaylist,AddToPlaylist,AddToPlaylist,AddToPlaylist,AddToPlaylist,AddToPlaylist,False
SearchCreativeWork-003,"Please find me the saga, The Deep Six.",SearchCreativeWork,SearchCreativeWork,SearchCreativeWork,SearchCreativeWork,SearchCreativeWork,SearchCreativeWork,False
RateBook-081,Rate The Further Adventures of The Joker four stars,RateBook,RateBook,RateBook,RateBook,RateBook,RateBook,False
SearchCreativeWork-054,Please search the game ATLA: All This Life Allows.,SearchCreativeWork,SearchCreativeWork,SearchCreativeWork,INVALID,SearchCreativeWork,SearchCreativeWork,True
AddToPlaylist-081,Add an artist to Jukebox Boogie Rhythm & Blues,AddToPlaylist,AddToPlaylist,AddToPlaylist,AddToPlaylist,AddToPlaylist,AddToPlaylist,False
SearchScreeningEvent-005,when is The Fox and the Child playing in this cinema,SearchScreeningEvent,SearchScreeningEvent,SearchScreeningEvent,INVALID,SearchScreeningEvent,SearchScreeningEvent,True
PlayMusic-042,Please play my ecstatic playlist.,PlayMusic,PlayMusic,PlayMusic,PlayMusic,PlayMusic,PlayMusic,False
AddToPlaylist-090,add this artist to my spotlight on country 2016 playlist,AddToPlaylist,AddToPlaylist,AddToPlaylist,AddToPlaylist,AddToPlaylist,AddToPlaylist,False
PlayMusic-010,I want to hear a seventies sound track.,PlayMusic,PlayMusic,PlayMusic,PlayMusic,PlayMusic,PlayMusic,False
GetWeather-062,What will the weather be here on dec. 7th?,GetWeather,GetWeather,GetWeather,GetWeather,GetWeather,GetWeather,False
SearchCreativeWork-004,Wish to see the photograph with the name Live: Right Here,SearchCreativeWork,SearchCreativeWork,SearchCreativeWork,INVALID,SearchCreativeWork,SearchCreativeWork,True
SearchScreeningEvent-008,I want to see The Portrait of a Lady at the nearest cinema.,SearchScreeningEvent,SearchScreeningEvent,SearchScreeningEvent,SearchScreeningEvent,SearchScreeningEvent,SearchScreeningEvent,False
PlayMusic-006,Let me hear the good songs from James Iha,PlayMusic,PlayMusic,PlayMusic,PlayMusic,PlayMusic,PlayMusic,False
AddToPlaylist-004,Add this album to Old School Death Metal,AddToPlaylist,AddToPlaylist,AddToPlaylist,INVALID,AddToPlaylist,AddToPlaylist,True
BookRestaurant-008,book spot for two at City Tavern,BookRestaurant,BookRestaurant,BookRestaurant,INVALID,BookRestaurant,BookRestaurant,True
AddToPlaylist-015,"Onto jerry's Classical Moments in Movies, please add the album.",AddToPlaylist,AddToPlaylist,AddToPlaylist,AddToPlaylist,AddToPlaylist,AddToPlaylist,False
AddToPlaylist-068,Add our little corner of the world music from gilmore girls to my The Funny Thing About Football Is playlist.,AddToPlaylist,AddToPlaylist,AddToPlaylist,AddToPlaylist,AddToPlaylist,AddToPlaylist,False
SearchScreeningEvent-038,May I have the movie schedules for Speakeasy Theaters,SearchScreeningEvent,SearchScreeningEvent,SearchScreeningEvent,SearchScreeningEvent,SearchScreeningEvent,SearchScreeningEvent,False
SearchScreeningEvent-078,Can you check the timings for Super Sweet 16: The Movie?,SearchScreeningEvent,SearchScreeningEvent,SearchScreeningEvent,SearchScreeningEvent,SearchScreeningEvent,SearchScreeningEvent,False
BookRestaurant-020,Book a popular restaurant for 5 people,BookRestaurant,BookRestaurant,BookRestaurant,BookRestaurant,BookRestaurant,BookRestaurant,False
SearchCreativeWork-000,Wish to find the movie the Heart Beat,SearchCreativeWork,SearchCreativeWork,SearchCreativeWork,SearchCreativeWork,SearchCreativeWork,SearchCreativeWork,False
GetWeather-044,"What will the weather be in KY on Oct. 16, 2036?",GetWeather,GetWeather,GetWeather,GetWeather,GetWeather,GetWeather,False
GetWeather-030,Will it be chilly in Weldona?,GetWeather,GetWeather,GetWeather,GetWeather,GetWeather,GetWeather,False
PlayMusic-049,play some seventies Filipp Kirkorow,PlayMusic,PlayMusic,PlayMusic,PlayMusic,PlayMusic,PlayMusic,False
RateBook-066,Give a four rating to A World Apart.,RateBook,RateBook,RateBook,RateBook,RateBook,RateBook,False
RateBook-031,mark this album a score of 5,RateBook,RateBook,RateBook,INVALID,PlayMusic,RateBook,True
SearchScreeningEvent-017,I need animated movies in the area for dinner time,SearchScreeningEvent,SearchScreeningEvent,SearchScreeningEvent,SearchScreeningEvent,SearchScreeningEvent,SearchScreeningEvent,False
SearchScreeningEvent-058,Is No Time to Be Young showing at AMC Theaters,SearchScreeningEvent,SearchScreeningEvent,SearchScreeningEvent,INVALID,SearchScreeningEvent,SearchScreeningEvent,True
PlayMusic-063,Play some movement from the fourties,PlayMusic,PlayMusic,PlayMusic,PlayMusic,PlayMusic,PlayMusic,False
AddToPlaylist-073,can you add the current tune to my Calm before the storm playlist,AddToPlaylist,AddToPlaylist,AddToPlaylist,AddToPlaylist,AddToPlaylist,AddToPlaylist,False
SearchCreativeWork-018,Please look up the TV series Parables for Wooden Ears.,SearchCreativeWork,SearchCreativeWork,SearchCreativeWork,INVALID,SearchCreativeWork,SearchCreativeWork,True
SearchCreativeWork-037,Could you locate the Epic Conditions picture?,SearchCreativeWork,SearchCreativeWork,SearchCreativeWork,SearchCreativeWork,GetWeather,SearchCreativeWork,False
RateBook-014,Give zero out of 6 to the current album,RateBook,RateBook,RateBook,INVALID,PlayMusic,RateBook,True
BookRestaurant-071,Book a reservation for five people for a tatar taverna in Sargents,BookRestaurant,BookRestaurant,BookRestaurant,BookRestaurant,BookRestaurant,BookRestaurant,False
AddToPlaylist-087,A Very Cellular Song needs to be added to my masters of metal playlist,AddToPlaylist,AddToPlaylist,AddToPlaylist,INVALID,AddToPlaylist,AddToPlaylist,True
RateBook-038,Rate the current novel 3 stars,RateBook,RateBook,RateBook,RateBook,RateBook,RateBook,False
SearchScreeningEvent-013,Find the schedule for The Comedian at Santikos Theatres.,SearchScreeningEvent,SearchScreeningEvent,SearchScreeningEvent,SearchScreeningEvent,SearchScreeningEvent,SearchScreeningEvent,False
PlayMusic-050,Play the most popular Puretone,PlayMusic,PlayMusic,PlayMusic,PlayMusic,PlayMusic,PlayMusic,False
SearchScreeningEvent-047,where's the nearest movie house showing foreign films,SearchScreeningEvent,SearchScreeningEvent,SearchScreeningEvent,INVALID,SearchScreeningEvent,SearchScreeningEvent,True
SearchCreativeWork-009,search for the trailer for The Office,SearchCreativeWork,SearchCreativeWork,SearchCreativeWork,INVALID,SearchCreativeWork,SearchCreativeWork,True
SearchScreeningEvent-053,Find the films at Century Theatres.,SearchScreeningEvent,SearchScreeningEvent,SearchScreeningEvent,SearchScreeningEvent,SearchScreeningEvent,SearchScreeningEvent,False
PlayMusic-097,Play Music From Van-pires by Dmitry Malikov.,PlayMusic,PlayMusic,PlayMusic,PlayMusic,PlayMusic,PlayMusic,False
PlayMusic-018,Play music off Netflix.,PlayMusic,PlayMusic,PlayMusic,PlayMusic,PlayMusic,PlayMusic,False
RateBook-051,Give zero stars to Rhialto the Marvellous,RateBook,RateBook,RateBook,RateBook,RateBook,RateBook,False
GetWeather-077,what is the forecast for Lansford for temperate weather,GetWeather,GetWeather,GetWeather,GetWeather,GetWeather,GetWeather,False
SearchScreeningEvent-077,Is The Eye – Infinity playing at General Cinema Corporation,SearchScreeningEvent,SearchScreeningEvent,SearchScreeningEvent,SearchScreeningEvent,SearchScreeningEvent,SearchScreeningEvent,False
RateBook-060,rate The Lives of John Lennon five points,RateBook,RateBook,RateBook,RateBook,RateBook,RateBook,False
SearchCreativeWork-079,Find the album Orphan Girl at the Cemetery,SearchCreativeWork,SearchCreativeWork,SearchCreativeWork,INVALID,PlayMusic,SearchCreativeWork,True
AddToPlaylist-062,Add Richard McNamara newest song to the Just Smile playlist,AddToPlaylist,AddToPlaylist,AddToPlaylist,INVALID,AddToPlaylist,AddToPlaylist,True
PlayMusic-084,Please play a movement from george formby jr.,PlayMusic,PlayMusic,PlayMusic,PlayMusic,PlayMusic,PlayMusic,False
AddToPlaylist-027,add this track to my Hands Up playlist,AddToPlaylist,AddToPlaylist,AddToPlaylist,AddToPlaylist,AddToPlaylist,AddToPlaylist,False
GetWeather-054,What will the humidity be in the current spot at 15:19:29?,GetWeather,GetWeather,GetWeather,GetWeather,GetWeather,GetWeather,False
AddToPlaylist-000,I'd like to have this track onto my Classical Relaxations playlist.,AddToPlaylist,AddToPlaylist,AddToPlaylist,AddToPlaylist,AddToPlaylist,AddToPlaylist,False
SearchCreativeWork-066,Am looking for a book with the title Free to Play,SearchCreativeWork,SearchCreativeWork,SearchCreativeWork,SearchCreativeWork,SearchCreativeWork,SearchCreativeWork,False
RateBook-061,Give The American Scene 2 of 6 stars,RateBook,RateBook,RateBook,RateBook,RateBook,RateBook,False
PlayMusic-016,Play music from the artist sean yseult and sort it through top-50,PlayMusic,PlayMusic,PlayMusic,PlayMusic,PlayMusic,PlayMusic,False
PlayMusic-003,Use Groove Shark to play music,PlayMusic,PlayMusic,PlayMusic,INVALID,PlayMusic,PlayMusic,True
PlayMusic-089,play a song by Ramesh Narayan from 1960,PlayMusic,PlayMusic,PlayMusic,PlayMusic,PlayMusic,PlayMusic,False
AddToPlaylist-054,For my fantastic workout can you add sara bareilles?,AddToPlaylist,AddToPlaylist,AddToPlaylist,AddToPlaylist,PlayMusic,AddToPlaylist,False
RateBook-085,Rate Cotton Comes to Harlem a 2,RateBook,RateBook,RateBook,RateBook,RateBook,RateBook,False
GetWeather-074,Weather in Walden Russia on 12/26/2018,GetWeather,GetWeather,GetWeather,GetWeather,GetWeather,GetWeather,False
GetWeather-017,Will it be warmer in North Korea at nineteen o'clock,GetWeather,GetWeather,GetWeather,INVALID,GetWeather,GetWeather,True
GetWeather-043,What's the weather in Benton City?,GetWeather,GetWeather,GetWeather,INVALID,GetWeather,GetWeather,True
SearchCreativeWork-051,"Can you find me the work, Bible translations into Hawaii Pidgin?",SearchCreativeWork,SearchCreativeWork,SearchCreativeWork,INVALID,SearchCreativeWork,SearchCreativeWork,True
SearchScreeningEvent-080,What times will The Young Swordsman be showing at my cinema?,SearchScreeningEvent,SearchScreeningEvent,SearchScreeningEvent,SearchScreeningEvent,SearchScreeningEvent,SearchScreeningEvent,False
BookRestaurant-040,Book a restaurant reservation in 6 weeks,BookRestaurant,BookRestaurant,BookRestaurant,INVALID,BookRestaurant,BookRestaurant,True
AddToPlaylist-052,add the artist Pete Murray to my relaxing playlist,AddToPlaylist,AddToPlaylist,AddToPlaylist,INVALID,AddToPlaylist,AddToPlaylist,True
BookRestaurant-016,I want to book a restaurant for five people in Sri Lanka.,BookRestaurant,BookRestaurant,BookRestaurant,INVALID,BookRestaurant,BookRestaurant,True
SearchCreativeWork-094,Please look up the Johnny English - La rinascita painting.,SearchCreativeWork,SearchCreativeWork,SearchCreativeWork,SearchCreativeWork,SearchCreativeWork,SearchCreativeWork,False
BookRestaurant-004,Book a reservation for 6 people for a creole tavern in Montenegro,BookRestaurant,BookRestaurant,BookRestaurant,BookRestaurant,BookRestaurant,BookRestaurant,False
PlayMusic-031,play Femme Fatale by Bonobo,PlayMusic,PlayMusic,PlayMusic,PlayMusic,PlayMusic,PlayMusic,False
RateBook-089,Give Hindu Temples: What Happened to Them a 5 out of 6 stars.,RateBook,RateBook,RateBook,RateBook,RateBook,RateBook,False
SearchCreativeWork-081,Find the TV show The Daydreamer,SearchCreativeWork,SearchCreativeWork,SearchCreativeWork,SearchCreativeWork,SearchCreativeWork,SearchCreativeWork,False
SearchCreativeWork-019,"Can you find me, Hey Man?",SearchCreativeWork,SearchCreativeWork,SearchCreativeWork,SearchCreativeWork,PlayMusic,SearchCreativeWork,False
SearchScreeningEvent-052,Find the movie times at Harkins Theatres.,SearchScreeningEvent,SearchScreeningEvent,SearchScreeningEvent,SearchScreeningEvent,SearchScreeningEvent,SearchScreeningEvent,False
RateBook-052,give the current book a zero of 6,RateBook,RateBook,RateBook,RateBook,RateBook,RateBook,False
AddToPlaylist-055,Add the boy george track to the Emo Forever playlist.,AddToPlaylist,AddToPlaylist,AddToPlaylist,AddToPlaylist,AddToPlaylist,AddToPlaylist,False
GetWeather-066,Will there be a storm in Gibsonia at 8 p.m?,GetWeather,GetWeather,GetWeather,GetWeather,GetWeather,GetWeather,False
AddToPlaylist-066,add Muzika za decu to my Crash Course playlist,AddToPlaylist,AddToPlaylist,AddToPlaylist,AddToPlaylist,AddToPlaylist,AddToPlaylist,False
BookRestaurant-096,Book me a reservation for a party of 3 at a pub in Northern Mariana Islands,BookRestaurant,BookRestaurant,BookRestaurant,BookRestaurant,BookRestaurant,BookRestaurant,False
GetWeather-091,Tell me the weather forecast here,GetWeather,GetWeather,GetWeather,GetWeather,GetWeather,GetWeather,False
SearchCreativeWork-064,Please get me The Henderson Kids saga.,SearchCreativeWork,SearchCreativeWork,SearchCreativeWork,SearchCreativeWork,PlayMusic,SearchCreativeWork,False
GetWeather-088,what is the forecast for starting at three a.m in Two Buttes for warm weather,GetWeather,GetWeather,GetWeather,GetWeather,GetWeather,GetWeather,False
SearchCreativeWork-070,Please find me the Classified book.,SearchCreativeWork,SearchCreativeWork,SearchCreativeWork,SearchCreativeWork,SearchCreativeWork,SearchCreativeWork,False
BookRestaurant-034,book spot for my nieces and I at a tea house,BookRestaurant,BookRestaurant,BookRestaurant,BookRestaurant,BookRestaurant,BookRestaurant,False
RateBook-096,Rate this book 3 stars out of 6,RateBook,RateBook,RateBook,RateBook,RateBook,RateBook,False
RateBook-013,Rate this book a 1 ,RateBook,RateBook,RateBook,RateBook,RateBook,RateBook,False
RateBook-057,Give this novel 2 stars,RateBook,RateBook,RateBook,RateBook,RateBook,RateBook,False
BookRestaurant-011,book the best table in Tanzania for 5 people at a diner,BookRestaurant,BookRestaurant,BookRestaurant,BookRestaurant,BookRestaurant,BookRestaurant,False
GetWeather-011,"humidity not far from Colorado City on November the 7th, 2024",GetWeather,GetWeather,GetWeather,GetWeather,GetWeather,GetWeather,False
AddToPlaylist-076,Add the album to the Hipster Soul playlist.,AddToPlaylist,AddToPlaylist,AddToPlaylist,AddToPlaylist,AddToPlaylist,AddToPlaylist,False
SearchScreeningEvent-011,I want to see While the Sun Shines at the closest movie house.,SearchScreeningEvent,SearchScreeningEvent,SearchScreeningEvent,SearchScreeningEvent,SearchScreeningEvent,SearchScreeningEvent,False
SearchCreativeWork-052,Please look up and find me Monty Python Live at the Hollywood Bowl.,SearchCreativeWork,SearchCreativeWork,SearchCreativeWork,SearchCreativeWork,SearchCreativeWork,SearchCreativeWork,False
SearchCreativeWork-077,Looking for the picture with the name of Who Made Stevie Crye?,SearchCreativeWork,SearchCreativeWork,SearchCreativeWork,INVALID,SearchCreativeWork,SearchCreativeWork,True
SearchScreeningEvent-036,I want to see Medal for the General,SearchScreeningEvent,SearchCreativeWork,SearchCreativeWork,SearchCreativeWork,RateBook,SearchCreativeWork,False
SearchScreeningEvent-024,show the closest movie theatre that shows Boycott,SearchScreeningEvent,SearchScreeningEvent,SearchScreeningEvent,SearchScreeningEvent,SearchScreeningEvent,SearchScreeningEvent,False
GetWeather-083,Will it be hotter in PR at 23 o'clock?,GetWeather,GetWeather,GetWeather,GetWeather,GetWeather,GetWeather,False
PlayMusic-029,Turn on Last Fm,PlayMusic,PlayMusic,PlayMusic,PlayMusic,PlayMusic,PlayMusic,False
SearchCreativeWork-045,Can you look up the Molecular Oncology saga?,SearchCreativeWork,SearchCreativeWork,SearchCreativeWork,INVALID,SearchCreativeWork,SearchCreativeWork,True
BookRestaurant-014,book spot for 7 at an indoor restaurant in MP now,BookRestaurant,BookRestaurant,BookRestaurant,BookRestaurant,BookRestaurant,BookRestaurant,False
PlayMusic-056,Please play something on Iheart from artist Ari Gold last album,PlayMusic,PlayMusic,PlayMusic,PlayMusic,PlayMusic,PlayMusic,False
BookRestaurant-058,Book a reservation for 1 at a diner in WI,BookRestaurant,BookRestaurant,BookRestaurant,BookRestaurant,BookRestaurant,BookRestaurant,False
SearchCreativeWork-095,Can you find me The Sword with No Name trailer?,SearchCreativeWork,SearchCreativeWork,SearchCreativeWork,SearchCreativeWork,SearchCreativeWork,SearchCreativeWork,False
AddToPlaylist-010,Add Recalled to Life to This Is Alejandro Fernández,AddToPlaylist,AddToPlaylist,AddToPlaylist,AddToPlaylist,AddToPlaylist,AddToPlaylist,False
GetWeather-029,What kind of weather is forecast around one pmnear Vatican?,GetWeather,GetWeather,GetWeather,GetWeather,GetWeather,GetWeather,False
SearchScreeningEvent-054,show the animated movies playing in the neighbourhood,SearchScreeningEvent,SearchScreeningEvent,SearchScreeningEvent,SearchScreeningEvent,SearchScreeningEvent,SearchScreeningEvent,False
AddToPlaylist-020,Add Brazilian Flag Anthem to Top 100 Alternative Tracks on Spotify,AddToPlaylist,AddToPlaylist,AddToPlaylist,INVALID,AddToPlaylist,AddToPlaylist,True
BookRestaurant-055,I need a table at Eddie's Attic in Nevada for one,BookRestaurant,BookRestaurant,BookRestaurant,BookRestaurant,BookRestaurant,BookRestaurant,False
SearchScreeningEvent-063,Show me the schedule for ArcLight Hollywood for only animated movies,SearchScreeningEvent,SearchScreeningEvent,SearchScreeningEvent,SearchScreeningEvent,SearchScreeningEvent,SearchScreeningEvent,False
PlayMusic-092,Play something on Zvooq,PlayMusic,PlayMusic,PlayMusic,PlayMusic,PlayMusic,PlayMusic,False
GetWeather-070,what is the forecast in Admire in TX starting at seventeen ,GetWeather,GetWeather,GetWeather,GetWeather,GetWeather,GetWeather,False
SearchScreeningEvent-007,Is Any Which Way You Can playing in 15 seconds,SearchScreeningEvent,SearchScreeningEvent,SearchScreeningEvent,INVALID,PlayMusic,SearchScreeningEvent,True
PlayMusic-093,Play music from Lynn & Wade Llp.,PlayMusic,PlayMusic,PlayMusic,PlayMusic,PlayMusic,PlayMusic,False
SearchCreativeWork-034,Get me the Secret South song.,SearchCreativeWork,PlayMusic,SearchCreativeWork,PlayMusic,PlayMusic,PlayMusic,False
SearchScreeningEvent-021,show me the schedule for The Oblong Box,SearchScreeningEvent,SearchScreeningEvent,SearchScreeningEvent,SearchScreeningEvent,SearchScreeningEvent,SearchScreeningEvent,False
PlayMusic-053,Play a Bob Burns song,PlayMusic,PlayMusic,PlayMusic,PlayMusic,PlayMusic,PlayMusic,False
BookRestaurant-023,Book a reservation for nine people at a bakery in Nunez,BookRestaurant,BookRestaurant,BookRestaurant,BookRestaurant,BookRestaurant,BookRestaurant,False
BookRestaurant-085,I want to book a churrascaria in Romeoville at ten a.m for four people.,BookRestaurant,BookRestaurant,BookRestaurant,BookRestaurant,BookRestaurant,BookRestaurant,False
BookRestaurant-038,Book a spot for me and kathrine  at Smithville,BookRestaurant,BookRestaurant,BookRestaurant,BookRestaurant,BookRestaurant,BookRestaurant,False
PlayMusic-096,Please play a sound track from the fifties that's on Iheart,PlayMusic,PlayMusic,PlayMusic,PlayMusic,PlayMusic,PlayMusic,False
SearchScreeningEvent-094,What films are playing close by,SearchScreeningEvent,SearchScreeningEvent,SearchScreeningEvent,INVALID,SearchScreeningEvent,SearchScreeningEvent,True
GetWeather-037,what is the forecast for Waurika in Samoa,GetWeather,GetWeather,GetWeather,GetWeather,GetWeather,GetWeather,False
SearchScreeningEvent-072,I need times for A Yiddish World Remembered at Dipson Theatres,SearchScreeningEvent,SearchScreeningEvent,SearchScreeningEvent,SearchScreeningEvent,BookRestaurant,SearchScreeningEvent,False
RateBook-064,Give the current textbook a rating of five.,RateBook,RateBook,RateBook,RateBook,RateBook,RateBook,False
BookRestaurant-029,"Book a reservation for 8 people in Wardville, Kansas",BookRestaurant,BookRestaurant,BookRestaurant,INVALID,BookRestaurant,BookRestaurant,True
AddToPlaylist-003,add this song by Too Poetic to my Piano Ballads playlist,AddToPlaylist,AddToPlaylist,AddToPlaylist,AddToPlaylist,AddToPlaylist,AddToPlaylist,False
AddToPlaylist-008,Please add some Pete Townshend to my playlist Fiesta Hits con Lali,AddToPlaylist,AddToPlaylist,AddToPlaylist,AddToPlaylist,AddToPlaylist,AddToPlaylist,False
SearchScreeningEvent-046,Show the movie schedules in the neighborhood,SearchScreeningEvent,SearchScreeningEvent,SearchScreeningEvent,SearchScreeningEvent,SearchScreeningEvent,SearchScreeningEvent,False
PlayMusic-026,Find and play a concerto on Zvooq from 1978 by Ginger Pooley,PlayMusic,PlayMusic,PlayMusic,PlayMusic,PlayMusic,PlayMusic,False
BookRestaurant-089,I would like to book a highly rated restaurant for a party of ten.,BookRestaurant,BookRestaurant,BookRestaurant,BookRestaurant,BookRestaurant,BookRestaurant,False
AddToPlaylist-039,Add a track to playlist Cena con Amigos,AddToPlaylist,AddToPlaylist,AddToPlaylist,AddToPlaylist,PlayMusic,AddToPlaylist,False
BookRestaurant-036,"Book a reservation for The Dome, Edinburgh close to Brooklawn",BookRestaurant,BookRestaurant,BookRestaurant,BookRestaurant,BookRestaurant,BookRestaurant,False
RateBook-020,Rate The Guilty 0 of 6 points,RateBook,RateBook,RateBook,RateBook,RateBook,RateBook,False
SearchScreeningEvent-062,Will I Think I Do be playing at 7 PM?,SearchScreeningEvent,SearchScreeningEvent,SearchScreeningEvent,INVALID,PlayMusic,SearchScreeningEvent,True
SearchScreeningEvent-086,Is Cowboy Canteen playing,SearchScreeningEvent,PlayMusic,SearchScreeningEvent,SearchScreeningEvent,PlayMusic,SearchScreeningEvent,False
RateBook-083,Give 1 out of 6 rating to the current textbook,RateBook,RateBook,RateBook,RateBook,RateBook,RateBook,False
SearchScreeningEvent-030,Give me the movie schedule nearby,SearchScreeningEvent,SearchScreeningEvent,SearchScreeningEvent,SearchScreeningEvent,SearchScreeningEvent,SearchScreeningEvent,False
SearchScreeningEvent-045,I need films in the neighborhood,SearchScreeningEvent,SearchScreeningEvent,SearchScreeningEvent,SearchScreeningEvent,SearchScreeningEvent,SearchScreeningEvent,False
RateBook-099,Rate the current series 4 points,RateBook,RateBook,RateBook,INVALID,RateBook,RateBook,True
BookRestaurant-026,I want to book Albany Pump Station in Buckholts Washington now for a party of 9.,BookRestaurant,BookRestaurant,BookRestaurant,BookRestaurant,BookRestaurant,BookRestaurant,False
RateBook-054,Rate the current series a 4,RateBook,RateBook,RateBook,INVALID,RateBook,RateBook,True
AddToPlaylist-041,Add a song to Indie Hipster,AddToPlaylist,AddToPlaylist,AddToPlaylist,AddToPlaylist,PlayMusic,AddToPlaylist,False
BookRestaurant-098,Book a reservation for nine people at the best pub nearby Tangier in six months,BookRestaurant,BookRestaurant,BookRestaurant,BookRestaurant,BookRestaurant,BookRestaurant,False
BookRestaurant-097,I want to book a bougatsa restaurant in next year nearby Penn for three people.,BookRestaurant,BookRestaurant,BookRestaurant,BookRestaurant,BookRestaurant,BookRestaurant,False
SearchScreeningEvent-095,Is any cinema playing The Spirit of Youth,SearchScreeningEvent,SearchScreeningEvent,SearchScreeningEvent,SearchScreeningEvent,SearchScreeningEvent,SearchScreeningEvent,False
PlayMusic-091,Proceed with Hitomi Nabatame music from 2003.,PlayMusic,PlayMusic,PlayMusic,PlayMusic,PlayMusic,PlayMusic,False
RateBook-005,give this novel a score of 5,RateBook,RateBook,RateBook,RateBook,RateBook,RateBook,False
SearchScreeningEvent-089,Where can I find the movie schedules,SearchScreeningEvent,SearchScreeningEvent,SearchScreeningEvent,INVALID,SearchScreeningEvent,SearchScreeningEvent,True
SearchCreativeWork-043,Please look up Three Essays on the Theory of Sexuality show.,SearchCreativeWork,SearchCreativeWork,SearchCreativeWork,SearchCreativeWork,SearchCreativeWork,SearchCreativeWork,False
BookRestaurant-041,Book a reservation for a bar with a spa nearby ID,BookRestaurant,BookRestaurant,BookRestaurant,BookRestaurant,BookRestaurant,BookRestaurant,False
AddToPlaylist-063,Add Annesley Malewana album to playlist indietronic,AddToPlaylist,AddToPlaylist,AddToPlaylist,AddToPlaylist,AddToPlaylist,AddToPlaylist,False
BookRestaurant-074,I want to book a tea house that serves salade far from here at Midnight in Panama for two people.,BookRestaurant,BookRestaurant,BookRestaurant,BookRestaurant,BookRestaurant,BookRestaurant,False
SearchScreeningEvent-037,Can I get the times for movies in the neighbourhood,SearchScreeningEvent,SearchScreeningEvent,SearchScreeningEvent,SearchScreeningEvent,SearchScreeningEvent,SearchScreeningEvent,False
BookRestaurant-087,Please book me a table at a bistro which serves lorna doone.,BookRestaurant,BookRestaurant,BookRestaurant,BookRestaurant,BookRestaurant,BookRestaurant,False
GetWeather-008,What kind of weather will be in Ukraine one minute from now?,GetWeather,GetWeather,GetWeather,GetWeather,GetWeather,GetWeather,False
SearchCreativeWork-005,Looking for a novel called Death March,SearchCreativeWork,SearchCreativeWork,SearchCreativeWork,SearchCreativeWork,SearchCreativeWork,SearchCreativeWork,False
SearchScreeningEvent-000,Is Babar: King of the Elephants playing ,SearchScreeningEvent,SearchCreativeWork,SearchScreeningEvent,INVALID,PlayMusic,SearchScreeningEvent,True
SearchCreativeWork-083,"Please look up the novel, Live to Dance.",SearchCreativeWork,SearchCreativeWork,SearchCreativeWork,INVALID,SearchCreativeWork,SearchCreativeWork,True
SearchCreativeWork-072,Find the creative work Face Down,SearchCreativeWork,SearchCreativeWork,SearchCreativeWork,SearchCreativeWork,SearchCreativeWork,SearchCreativeWork,False
SearchScreeningEvent-075,show me the movie times for films  nearby,SearchScreeningEvent,SearchScreeningEvent,SearchScreeningEvent,SearchScreeningEvent,SearchScreeningEvent,SearchScreeningEvent,False
SearchCreativeWork-097,Can you find me the ALMOST HUMAN painting?,SearchCreativeWork,SearchCreativeWork,SearchCreativeWork,SearchCreativeWork,SearchCreativeWork,SearchCreativeWork,False
SearchScreeningEvent-091,Find the nearest cinema with movies playing,SearchScreeningEvent,SearchScreeningEvent,SearchScreeningEvent,INVALID,SearchScreeningEvent,SearchScreeningEvent,True
GetWeather-072,what is the forecast for Costa Rica,GetWeather,GetWeather,GetWeather,GetWeather,GetWeather,GetWeather,False
AddToPlaylist-057,Can you add last of the ghetto astronauts to the playlist called black sabbath the dio years?,AddToPlaylist,AddToPlaylist,AddToPlaylist,AddToPlaylist,AddToPlaylist,AddToPlaylist,False
RateBook-044,give my current book one of 6 stars,RateBook,RateBook,RateBook,INVALID,RateBook,RateBook,True
SearchScreeningEvent-009,Where can I see The Prime Ministers: The Pioneers,SearchScreeningEvent,SearchCreativeWork,SearchScreeningEvent,INVALID,SearchScreeningEvent,SearchScreeningEvent,True
AddToPlaylist-035,Add the track to the work playlist.,AddToPlaylist,AddToPlaylist,AddToPlaylist,AddToPlaylist,AddToPlaylist,AddToPlaylist,False
BookRestaurant-028,I want to book a top-rated brasserie for 7 people.,BookRestaurant,BookRestaurant,BookRestaurant,BookRestaurant,BookRestaurant,BookRestaurant,False
SearchScreeningEvent-068,What's the movie schedule for Great Escape Theatres,SearchScreeningEvent,SearchScreeningEvent,SearchScreeningEvent,SearchScreeningEvent,SearchScreeningEvent,SearchScreeningEvent,False
SearchCreativeWork-021,Can you get me the Controlled Conversations TV series?,SearchCreativeWork,SearchCreativeWork,SearchCreativeWork,SearchCreativeWork,SearchCreativeWork,SearchCreativeWork,False
SearchCreativeWork-091,Can you find the creative works associated with Caryl & Marilyn: Real Friends,SearchCreativeWork,SearchCreativeWork,SearchCreativeWork,SearchCreativeWork,SearchCreativeWork,SearchCreativeWork,False
SearchCreativeWork-049,Can you find me the National Anthem of the Ancient Britons television show?,SearchCreativeWork,SearchCreativeWork,SearchCreativeWork,SearchCreativeWork,PlayMusic,SearchCreativeWork,False
RateBook-075,rate this essay a 1,RateBook,RateBook,RateBook,INVALID,RateBook,RateBook,True
GetWeather-092,Will there be a cloud in VI in 14 minutes ?,GetWeather,GetWeather,GetWeather,INVALID,GetWeather,GetWeather,True
RateBook-034,Give The Giant Devil Dingo 4 points.,RateBook,RateBook,RateBook,RateBook,RateBook,RateBook,False
SearchScreeningEvent-056,Show me Southern Theatres movie times,SearchScreeningEvent,SearchScreeningEvent,SearchScreeningEvent,SearchScreeningEvent,SearchScreeningEvent,SearchScreeningEvent,False
GetWeather-002,Tell me the weather forecast for Gibsland,GetWeather,GetWeather,GetWeather,GetWeather,GetWeather,GetWeather,False
SearchCreativeWork-014,"Please fine me the TV series, Now We Are Married.",SearchCreativeWork,SearchCreativeWork,SearchCreativeWork,SearchCreativeWork,SearchCreativeWork,SearchCreativeWork,False
SearchScreeningEvent-067,Is The Two Gladiators playing,SearchScreeningEvent,PlayMusic,SearchScreeningEvent,INVALID,PlayMusic,SearchScreeningEvent,True
SearchCreativeWork-061,Please find me the Projekt: The New Face of Goth.,SearchCreativeWork,SearchCreativeWork,SearchCreativeWork,SearchCreativeWork,SearchCreativeWork,SearchCreativeWork,False
AddToPlaylist-028,I'd like for you to add bobby brown to my enamorándose playlist.,AddToPlaylist,AddToPlaylist,AddToPlaylist,AddToPlaylist,AddToPlaylist,AddToPlaylist,False
GetWeather-003,Is there a storm now in NC?,GetWeather,GetWeather,GetWeather,INVALID,GetWeather,GetWeather,True
SearchCreativeWork-078,Look for the album Wolves Within,SearchCreativeWork,SearchCreativeWork,SearchCreativeWork,SearchCreativeWork,PlayMusic,SearchCreativeWork,False
RateBook-015,Give this album 5 points.,RateBook,RateBook,RateBook,INVALID,PlayMusic,RateBook,True
AddToPlaylist-071,add abacab to beryl's party on fridays playlist,AddToPlaylist,AddToPlaylist,AddToPlaylist,AddToPlaylist,AddToPlaylist,AddToPlaylist,False
GetWeather-093,How much colder will it be not far from Utah around 3 Am?,GetWeather,GetWeather,GetWeather,GetWeather,GetWeather,GetWeather,False
PlayMusic-066,Play something on Last Fm,PlayMusic,PlayMusic,PlayMusic,PlayMusic,PlayMusic,PlayMusic,False
AddToPlaylist-072,Please add this track by Paul McGuigan to the Deep House playlist.,AddToPlaylist,AddToPlaylist,AddToPlaylist,AddToPlaylist,AddToPlaylist,AddToPlaylist,False
PlayMusic-034,Play Paul Mccartney,PlayMusic,PlayMusic,PlayMusic,PlayMusic,PlayMusic,PlayMusic,False
PlayMusic-038,Play Have You Met Miss Jones by Nicole from Google Music.,PlayMusic,PlayMusic,PlayMusic,PlayMusic,PlayMusic,PlayMusic,False
BookRestaurant-092,Book spot for 9 at Thurmont,BookRestaurant,BookRestaurant,BookRestaurant,BookRestaurant,BookRestaurant,BookRestaurant,False
PlayMusic-057,I want to hear them from the artist Murcof,PlayMusic,PlayMusic,PlayMusic,PlayMusic,PlayMusic,PlayMusic,False
PlayMusic-088,I want to hear soundtrack music on Youtube from Helena Iren Michaelsen,PlayMusic,PlayMusic,PlayMusic,PlayMusic,PlayMusic,PlayMusic,False
BookRestaurant-061,book a table near pat's college,BookRestaurant,BookRestaurant,BookRestaurant,BookRestaurant,BookRestaurant,BookRestaurant,False
AddToPlaylist-046,Can I put this tune onto my sin estrés playlist?,AddToPlaylist,AddToPlaylist,AddToPlaylist,AddToPlaylist,AddToPlaylist,AddToPlaylist,False
AddToPlaylist-079,add tommy johnson to The MetalSucks Playlist,AddToPlaylist,AddToPlaylist,AddToPlaylist,AddToPlaylist,AddToPlaylist,AddToPlaylist,False
BookRestaurant-095,book a party at their campus within the same area for churrascaria,BookRestaurant,BookRestaurant,BookRestaurant,INVALID,BookRestaurant,BookRestaurant,True
AddToPlaylist-037,"add track in my
 playlist called Hands Up",AddToPlaylist,AddToPlaylist,AddToPlaylist,AddToPlaylist,AddToPlaylist,AddToPlaylist,False
GetWeather-047,What will the weather be one second from now in Chad?,GetWeather,GetWeather,GetWeather,GetWeather,GetWeather,GetWeather,False
